trial,temperature,kinetic_energy,n_edges,degree_mean,clustering_mean,density
0,0.6116490395692162,89.02221835924323,106.0,2.12,0.27399999999999997,0.021414141414141413
1,5.580535793635352,771.9517309118282,123.0,2.46,0.4326190476190477,0.02484848484848485
2,4.892976969301982,733.6596227335517,141.0,2.82,0.2789285714285714,0.028484848484848484
3,3.364822784097947,491.85915991397763,108.0,2.16,0.34666666666666673,0.02181818181818182
4,2.38207463108115,324.49160272499375,122.0,2.44,0.38090476190476186,0.024646464646464646
5,6.433584994506286,1036.369259300785,129.0,2.58,0.4253333333333334,0.026060606060606062
6,2.4757029898928327,411.6758408901753,142.0,2.84,0.37030952380952387,0.028686868686868688
7,5.71928161918969,885.7413802428266,129.0,2.58,0.444,0.026060606060606062
8,4.415731109803563,608.0773582049572,142.0,2.84,0.4221428571428571,0.028686868686868688
9,0.4630367121449459,75.02832844252318,139.0,2.78,0.3530476190476191,0.02808080808080808
10,9.69824034332745,1574.527363995247,130.0,2.6,0.3685714285714286,0.026262626262626262
11,1.1266128301014549,156.78537755598194,141.0,2.82,0.3484047619047619,0.028484848484848484
12,1.8108079209332897,248.37214643527835,145.0,2.9,0.34823809523809524,0.029292929292929294
13,9.786703790231657,1511.043059676333,140.0,2.8,0.40826190476190477,0.028282828282828285
14,3.5037609035796526,534.5653928966593,130.0,2.6,0.34119047619047616,0.026262626262626262
15,7.8691917919731695,1345.853026948143,146.0,2.92,0.3509444444444444,0.029494949494949494
16,5.3294002615025144,846.0417479559169,116.0,2.32,0.33899999999999997,0.023434343434343436
17,6.5428097428307375,984.6942375627061,139.0,2.78,0.4011904761904762,0.02808080808080808
18,2.4743385001221547,345.59069169670767,145.0,2.9,0.2983571428571428,0.029292929292929294
19,9.368950210940966,1223.9856064415417,131.0,2.62,0.34852380952380957,0.026464646464646465
20,6.469796454269825,1006.377002682681,138.0,2.76,0.3863809523809524,0.027878787878787878
21,8.557556612400141,1226.8850455125098,144.0,2.88,0.4134285714285715,0.02909090909090909
22,3.2794687994113008,450.7876831268958,138.0,2.76,0.40830952380952373,0.027878787878787878
23,5.427919744196642,810.3374262328932,136.0,2.72,0.3518888888888889,0.027474747474747475
24,1.4204071033416676,206.49632302700306,123.0,2.46,0.4206190476190476,0.02484848484848485
25,9.937827714150659,1472.9070192216552,108.0,2.16,0.3356666666666667,0.02181818181818182
26,6.305534208198003,969.7159579879833,114.0,2.28,0.3717619047619048,0.02303030303030303
27,5.833669158602695,772.2452369848481,128.0,2.56,0.32471428571428573,0.02585858585858586
28,2.1283641487862153,333.61384435507654,112.0,2.24,0.314,0.022626262626262626
29,8.08461336018488,1237.3739418828668,131.0,2.62,0.3853809523809524,0.026464646464646465
30,8.347196436795933,1188.4809309161335,130.0,2.6,0.3973333333333333,0.026262626262626262
31,9.518904312188377,1426.2640700355662,121.0,2.42,0.33457142857142863,0.024444444444444446
32,8.320162909084214,1300.3344134669123,126.0,2.52,0.40333333333333327,0.025454545454545455
33,9.674489817600591,1794.2271156339577,153.0,3.06,0.44483333333333325,0.03090909090909091
34,3.822546433008912,565.2254343264208,122.0,2.44,0.452,0.024646464646464646
35,9.89104677950227,1403.5677215791984,107.0,2.14,0.3743333333333333,0.021616161616161617
36,7.931656617158649,1195.4651877500428,129.0,2.58,0.3716666666666666,0.026060606060606062
37,1.3602616872934483,213.60856768566418,121.0,2.42,0.2875714285714286,0.024444444444444446
38,5.151414371333951,763.5003257920027,142.0,2.84,0.4422380952380952,0.028686868686868688
39,1.1625192521732517,171.8686955057462,127.0,2.54,0.3483333333333333,0.025656565656565655
40,7.056035804482504,1046.1704530271654,139.0,2.78,0.3696666666666667,0.02808080808080808
41,6.274669109842252,987.5807560950623,139.0,2.78,0.3232857142857143,0.02808080808080808
42,4.238276911834826,664.2861986809527,135.0,2.7,0.3369285714285714,0.02727272727272727
43,4.153030654522965,624.6146136812057,144.0,2.88,0.3985,0.02909090909090909
44,4.983363514885186,710.8835152599618,144.0,2.88,0.3883095238095238,0.02909090909090909
45,9.127482138031901,1255.7404989902811,130.0,2.6,0.3124761904761904,0.026262626262626262
46,9.12130497303897,1564.313315663988,104.0,2.08,0.27899999999999997,0.02101010101010101
47,1.1399810215256734,158.84546685527573,131.0,2.62,0.28830158730158734,0.026464646464646465
48,3.817297132493966,590.481310961286,147.0,2.94,0.4065714285714286,0.029696969696969697
49,5.021739895327355,659.8601490921205,158.0,3.16,0.39673809523809517,0.03191919191919192
50,8.780843579531837,1290.4034525521452,128.0,2.56,0.4073333333333333,0.02585858585858586
51,7.413032081094555,1209.8880655200778,119.0,2.38,0.3366666666666667,0.02404040404040404
52,2.358918504343911,338.6233162307086,120.0,2.4,0.3063809523809524,0.024242424242424242
53,4.752445174669925,786.4255176087951,109.0,2.18,0.35738095238095235,0.02202020202020202
54,5.38107025922509,782.845366165217,132.0,2.64,0.355,0.02666666666666667
55,3.8106553236158,491.54417029098323,119.0,2.38,0.3173333333333333,0.02404040404040404
56,9.689345606697156,1524.650776162803,127.0,2.54,0.38285714285714284,0.025656565656565655
57,3.2775227380543153,469.7500484440351,127.0,2.54,0.2795238095238095,0.025656565656565655
58,0.1983435673427313,27.607963807882633,118.0,2.36,0.2854285714285714,0.02383838383838384
59,6.964137628007447,822.1452150850386,133.0,2.66,0.34985714285714287,0.026868686868686868
60,5.873259604959932,876.4180407587128,135.0,2.7,0.3517619047619048,0.02727272727272727
61,7.424461150361618,1193.48460105445,147.0,2.94,0.4733253968253968,0.029696969696969697
62,7.480973164058241,986.4256081488454,157.0,3.14,0.42992063492063487,0.03171717171717172
63,8.258983340478956,1197.677868095377,151.0,3.02,0.4016507936507937,0.030505050505050504
64,9.474776715396944,1384.518802679413,124.0,2.48,0.396,0.025050505050505052
65,0.2721725042706195,38.81032380638912,127.0,2.54,0.395547619047619,0.025656565656565655
66,1.237849071569187,198.03504034808435,135.0,2.7,0.3821904761904762,0.02727272727272727
67,0.49519171251335203,78.03479263404782,142.0,2.84,0.45804761904761904,0.028686868686868688
68,2.5802379709346766,392.30933559691704,127.0,2.54,0.3248809523809524,0.025656565656565655
69,3.8205655029998127,531.2505386435624,114.0,2.28,0.40299999999999997,0.02303030303030303
70,8.105007924137851,1238.2873405960004,117.0,2.34,0.259,0.023636363636363636
71,8.481114680096312,1266.6285263402642,132.0,2.64,0.4446666666666666,0.02666666666666667
72,6.4142454152999795,960.187272589442,155.0,3.1,0.41680952380952385,0.031313131313131314
73,6.744879980878375,1118.6879991341239,126.0,2.52,0.4443333333333333,0.025454545454545455
74,1.6422605274388204,262.79607182227744,114.0,2.28,0.33661904761904765,0.02303030303030303
75,6.087918060389594,1106.109657197172,135.0,2.7,0.3398650793650793,0.02727272727272727
76,3.140579580945001,453.89754399160086,126.0,2.52,0.29074603174603175,0.025454545454545455
77,9.966499687987445,1331.8252343602894,148.0,2.96,0.3727063492063491,0.0298989898989899
78,3.4725421956758944,450.3226394649314,144.0,2.88,0.4264761904761905,0.02909090909090909
79,4.947196408612421,671.658704980123,117.0,2.34,0.374,0.023636363636363636
80,3.4408444154631095,599.537829699612,111.0,2.22,0.32733333333333325,0.022424242424242423
81,0.2622855606717206,36.3556091176336,143.0,2.86,0.4010476190476191,0.028888888888888888
82,3.373828840968976,522.7989386608206,127.0,2.54,0.36304761904761906,0.025656565656565655
83,6.988541232973596,1104.929567223562,127.0,2.54,0.365,0.025656565656565655
84,8.58502574998548,1356.5840750814002,114.0,2.28,0.29033333333333333,0.02303030303030303
85,8.923900944462837,1531.3984528752087,152.0,3.04,0.41611904761904767,0.030707070707070707
86,9.356752785541447,1488.8581776782923,127.0,2.54,0.25666666666666665,0.025656565656565655
87,6.68731958053661,1045.774426231981,158.0,3.16,0.4838333333333333,0.03191919191919192
88,4.680042771802912,679.5646728961229,127.0,2.54,0.4064285714285715,0.025656565656565655
89,9.42937904726894,1277.4141581101505,114.0,2.28,0.26466666666666666,0.02303030303030303
90,5.170271581170438,858.7970410067518,147.0,2.94,0.4717380952380952,0.029696969696969697
91,1.9816297205176194,280.03871113711256,112.0,2.24,0.34719047619047616,0.022626262626262626
92,7.172027769687917,1123.222487112096,131.0,2.62,0.33752380952380956,0.026464646464646465
93,8.965806037113966,1448.3705068087233,118.0,2.36,0.35900000000000004,0.02383838383838384
94,1.204315878709776,142.8279855129902,135.0,2.7,0.4109761904761905,0.02727272727272727
95,8.927042673863435,1134.3264839536912,135.0,2.7,0.4255952380952381,0.02727272727272727
96,0.7738435359164411,117.48120566265911,126.0,2.52,0.34600000000000003,0.025454545454545455
97,4.172349063340575,558.8816504924642,125.0,2.5,0.4039999999999999,0.025252525252525252
98,5.216521809012607,695.5741113619969,130.0,2.6,0.3857142857142857,0.026262626262626262
99,3.4341542486104903,533.3809363591363,128.0,2.56,0.3586666666666667,0.02585858585858586
100,2.280438881533236,303.3415986025086,120.0,2.4,0.4089999999999999,0.024242424242424242
101,7.610360998340808,1220.0545041786554,113.0,2.26,0.2833333333333334,0.02282828282828283
102,3.1933954897422128,456.43056081685313,117.0,2.34,0.2936666666666667,0.023636363636363636
103,1.9849458889942029,289.4546020093417,134.0,2.68,0.34723809523809523,0.02707070707070707
104,4.441378627274924,749.3460423545284,152.0,3.04,0.41327777777777774,0.030707070707070707
105,4.539820652536448,751.3635387378699,111.0,2.22,0.2786666666666667,0.022424242424242423
106,4.690713556053835,737.4278303716592,115.0,2.3,0.34166666666666656,0.023232323232323233
107,9.52810197902441,1564.4513853382655,98.0,1.96,0.2763333333333333,0.019797979797979797
108,3.2153358593476162,484.09597139543746,143.0,2.86,0.31799999999999995,0.028888888888888888
109,2.195715874640959,356.90981649664786,135.0,2.7,0.3963333333333333,0.02727272727272727
110,7.958070562663855,1157.4557021881378,125.0,2.5,0.3469761904761905,0.025252525252525252
111,7.918292699208457,1090.6373270287127,118.0,2.36,0.3706666666666667,0.02383838383838384
112,4.719115240764012,638.3784637005191,108.0,2.16,0.36733333333333335,0.02181818181818182
113,5.517769428398191,821.8892490947923,139.0,2.78,0.41200000000000003,0.02808080808080808
114,0.9273224515136121,148.9631803472124,121.0,2.42,0.37833333333333335,0.024444444444444446
115,9.552285009927905,1372.4056749156857,149.0,2.98,0.44442857142857145,0.0301010101010101
116,8.34231802051013,1084.440579583586,170.0,3.4,0.5056349206349205,0.03434343434343434
117,8.679189329122911,1601.0539076131831,142.0,2.84,0.37557142857142856,0.028686868686868688
118,3.7386747214897125,526.0468325456,122.0,2.44,0.31673809523809526,0.024646464646464646
119,1.9619436049538361,275.2915467369388,141.0,2.82,0.4743333333333333,0.028484848484848484
120,3.3595930103609115,550.0826013432393,116.0,2.32,0.28833333333333333,0.023434343434343436
121,6.596935555643122,1061.440756128366,139.0,2.78,0.44750000000000006,0.02808080808080808
122,2.7661685007398797,450.93747639466903,137.0,2.74,0.3906666666666666,0.027676767676767678
123,5.498438615718746,766.6497693078113,117.0,2.34,0.3651428571428571,0.023636363636363636
124,7.1867837446149005,1126.8412009931274,140.0,2.8,0.3593333333333333,0.028282828282828285
125,1.277096596615177,223.94743506643482,143.0,2.86,0.4238095238095238,0.028888888888888888
126,6.793525914874781,1013.7932272703911,131.0,2.62,0.32090476190476186,0.026464646464646465
127,7.826688561743034,1024.2400689841916,115.0,2.3,0.38823809523809527,0.023232323232323233
128,6.2048479864766,1103.3994800274027,133.0,2.66,0.28634920634920635,0.026868686868686868
129,1.0218821851906275,147.21623508693023,124.0,2.48,0.3674285714285714,0.025050505050505052
130,4.097724914595343,601.2299474979943,130.0,2.6,0.3953333333333333,0.026262626262626262
131,9.476967820920809,1578.6481189702909,134.0,2.68,0.40299999999999997,0.02707070707070707
132,1.6124760740272872,280.69207055105085,132.0,2.64,0.40109523809523806,0.02666666666666667
133,4.624537215946152,701.2645784996294,133.0,2.66,0.36604761904761907,0.026868686868686868
134,3.7886390969267025,602.6195857625612,120.0,2.4,0.40571428571428575,0.024242424242424242
135,5.558464405429301,720.8746967428632,117.0,2.34,0.24290476190476187,0.023636363636363636
136,5.057984298147479,771.7154739251303,118.0,2.36,0.36166666666666664,0.02383838383838384
137,3.888621830281587,495.3258837481703,127.0,2.54,0.3792857142857143,0.025656565656565655
138,5.038358280775242,807.7111674789027,148.0,2.96,0.4217619047619048,0.0298989898989899
139,8.052708633675286,1260.9746458834704,124.0,2.48,0.5079999999999999,0.025050505050505052
140,5.369699630210703,864.1755018778274,126.0,2.52,0.321,0.025454545454545455
141,0.1052718904397478,15.253384065950117,110.0,2.2,0.28495238095238096,0.022222222222222223
142,0.20509719729460482,29.257174945147504,118.0,2.36,0.4025714285714285,0.02383838383838384
143,5.526003581882177,875.4326134397363,124.0,2.48,0.35,0.025050505050505052
144,3.545872052735773,563.5679073935028,130.0,2.6,0.3755238095238095,0.026262626262626262
145,8.975373317050348,1507.3167052222254,116.0,2.32,0.29533333333333334,0.023434343434343436
146,5.347323654302116,772.8518526008002,126.0,2.52,0.38033333333333325,0.025454545454545455
147,8.361214270918076,1327.8437499859042,137.0,2.74,0.3718492063492063,0.027676767676767678
148,7.885281791353361,1217.714819565199,125.0,2.5,0.44733333333333336,0.025252525252525252
149,3.9285448286816296,536.972834567592,132.0,2.64,0.45099999999999985,0.02666666666666667
150,8.792549666735322,1303.1077797674675,145.0,2.9,0.46573809523809523,0.029292929292929294
151,5.020705311470192,725.2575749602213,119.0,2.38,0.3408571428571429,0.02404040404040404
152,6.961341920744039,999.1785720621469,137.0,2.74,0.4623809523809524,0.027676767676767678
153,0.8694051948504511,137.23528811512074,120.0,2.4,0.37233333333333335,0.024242424242424242
154,7.628821839350172,1143.1421208091626,136.0,2.72,0.36804761904761896,0.027474747474747475
155,2.4244373919163715,332.7491432472334,145.0,2.9,0.449,0.029292929292929294
156,9.456553479068873,1508.0873906496495,114.0,2.28,0.2723333333333333,0.02303030303030303
157,8.310095878516682,1480.487612294571,153.0,3.06,0.4046111111111111,0.03090909090909091
158,4.057762975493453,581.228732657678,118.0,2.36,0.39799999999999996,0.02383838383838384
159,4.032866608887617,563.3688405879413,144.0,2.88,0.41661904761904756,0.02909090909090909
160,5.89863208119714,904.5102806766629,161.0,3.22,0.4506746031746032,0.032525252525252527
161,4.328498075382947,604.649019450579,143.0,2.86,0.3887142857142857,0.028888888888888888
162,2.810351747388237,440.3363613933875,115.0,2.3,0.3713333333333334,0.023232323232323233
163,1.0762307142135554,160.65231765101646,134.0,2.68,0.4003333333333334,0.02707070707070707
164,8.363622580982291,1252.11153849198,121.0,2.42,0.335,0.024444444444444446
165,2.7341380357262457,437.2865710959121,124.0,2.48,0.2897063492063492,0.025050505050505052
166,5.483187540661727,873.7960206747623,97.0,1.94,0.3186666666666666,0.019595959595959597
167,0.8816317689576011,129.4511219707896,126.0,2.52,0.312,0.025454545454545455
168,8.42734125813884,1265.4962488858619,140.0,2.8,0.3633571428571429,0.028282828282828285
169,1.9936202896131165,346.49482694702624,108.0,2.16,0.3066666666666667,0.02181818181818182
170,2.924858227595534,398.4778544572625,114.0,2.28,0.3344285714285714,0.02303030303030303
171,0.6690034717385894,99.48951592985608,126.0,2.52,0.3184285714285714,0.025454545454545455
172,0.5135177179551982,79.62496578010274,143.0,2.86,0.36733333333333335,0.028888888888888888
173,1.6254673576695917,256.76366557371085,127.0,2.54,0.30759523809523814,0.025656565656565655
174,0.5062917219052651,79.62336959805211,125.0,2.5,0.39366666666666666,0.025252525252525252
175,4.5311456050196695,673.2319749504592,143.0,2.86,0.40292857142857147,0.028888888888888888
176,8.218072059097603,1176.2692256014634,124.0,2.48,0.40297619047619043,0.025050505050505052
177,4.268198444680807,501.7935441341932,128.0,2.56,0.3181904761904762,0.02585858585858586
178,6.939396786185877,1027.7243132088718,157.0,3.14,0.43266666666666664,0.03171717171717172
179,5.214346897380172,806.3829183780412,127.0,2.54,0.335,0.025656565656565655
180,0.19101697050314131,30.249130728921315,119.0,2.38,0.31166666666666665,0.02404040404040404
181,1.7951376745799839,269.82252336541967,126.0,2.52,0.3856666666666666,0.025454545454545455
182,5.776281399525101,911.8074796844727,122.0,2.44,0.3116666666666667,0.024646464646464646
183,1.4570697964806714,240.37931303966766,105.0,2.1,0.32433333333333336,0.021212121212121213
184,5.59389965661505,987.2209295019088,111.0,2.22,0.2782857142857143,0.022424242424242423
185,6.167058903771793,970.7290513024554,144.0,2.88,0.4276190476190477,0.02909090909090909
186,5.051873874563125,748.3491217898395,136.0,2.72,0.3698571428571429,0.027474747474747475
187,4.891593325577589,749.4723193575946,154.0,3.08,0.40380158730158733,0.03111111111111111
188,4.863502441291267,664.8973329155325,154.0,3.08,0.4880952380952381,0.03111111111111111
189,7.961959261152919,1130.8364667569879,140.0,2.8,0.4060714285714285,0.028282828282828285
190,8.093888795753442,1165.5295822811393,144.0,2.88,0.32862698412698416,0.02909090909090909
191,5.549870369170032,738.4012615441243,112.0,2.24,0.398,0.022626262626262626
192,9.705507709005708,1388.5147669833696,127.0,2.54,0.45433333333333337,0.025656565656565655
193,6.554927283293516,1052.1089325081057,114.0,2.28,0.32266666666666666,0.02303030303030303
194,8.124914511178613,1288.0472764881463,112.0,2.24,0.363,0.022626262626262626
195,4.038707451839275,502.58319233031125,114.0,2.28,0.3479761904761905,0.02303030303030303
196,8.260995140581873,1183.2977510588887,106.0,2.12,0.3936666666666666,0.021414141414141413
197,2.6141305048798955,414.7386811445077,110.0,2.2,0.2946666666666667,0.022222222222222223
198,6.025184737605839,959.6747515783316,144.0,2.88,0.4176428571428572,0.02909090909090909
199,5.938095752172064,834.1717981696572,140.0,2.8,0.39328571428571435,0.028282828282828285
200,7.301134928258227,986.2361561752047,109.0,2.18,0.31447619047619046,0.02202020202020202
201,0.9867449808979777,136.0946165383193,125.0,2.5,0.3534761904761905,0.025252525252525252
202,7.442116617193015,1023.1469011076485,130.0,2.6,0.3603095238095238,0.026262626262626262
203,1.7123442716334047,273.85974919636624,118.0,2.36,0.3892380952380953,0.02383838383838384
204,1.0961390252355276,162.08931513792646,131.0,2.62,0.3764285714285714,0.026464646464646465
205,2.946042756425722,433.3161979322092,135.0,2.7,0.4420952380952381,0.02727272727272727
206,5.0900499315001095,713.3723294025971,126.0,2.52,0.38502380952380955,0.025454545454545455
207,1.037203492243031,153.11319678400912,143.0,2.86,0.4840714285714286,0.028888888888888888
208,2.7711578860564465,404.16829935162593,126.0,2.52,0.4162380952380953,0.025454545454545455
209,5.703073206812926,760.093720709927,147.0,2.94,0.3762380952380952,0.029696969696969697
210,2.8010938875205333,430.1399601040059,139.0,2.78,0.4440952380952381,0.02808080808080808
211,6.544722971948889,996.7893632673567,125.0,2.5,0.416047619047619,0.025252525252525252
212,1.5830867127643726,231.2341252535445,133.0,2.66,0.3426666666666667,0.026868686868686868
213,1.5489337352604169,231.35083843529586,120.0,2.4,0.32233333333333336,0.024242424242424242
214,6.115706117925213,897.631608180181,120.0,2.4,0.3145238095238095,0.024242424242424242
215,0.24442337381448578,36.63390933816748,128.0,2.56,0.41166666666666674,0.02585858585858586
216,3.9804610900125144,651.2565981483583,155.0,3.1,0.35419841269841273,0.031313131313131314
217,5.60919653622461,917.8830384406629,136.0,2.72,0.36904761904761896,0.027474747474747475
218,3.0400923657635857,430.9086727640944,131.0,2.62,0.41152380952380957,0.026464646464646465
219,4.828653708853255,699.7824879997713,138.0,2.76,0.40676190476190477,0.027878787878787878
220,7.3377588347586045,1112.7894925533365,137.0,2.74,0.40033333333333326,0.027676767676767678
221,7.330793934995605,1065.9736354657018,112.0,2.24,0.3359047619047619,0.022626262626262626
222,7.636332882396681,1181.4146315556422,119.0,2.38,0.31921428571428573,0.02404040404040404
223,6.092395881438559,847.5359997138811,123.0,2.46,0.311952380952381,0.02484848484848485
224,5.82397674630274,990.1057244547517,128.0,2.56,0.4106666666666667,0.02585858585858586
225,6.807633328670011,1029.9881872563762,129.0,2.58,0.35447619047619044,0.026060606060606062
226,8.909337234102335,1172.9987035877655,127.0,2.54,0.38449999999999995,0.025656565656565655
227,9.819495711808651,1523.0775819429757,124.0,2.48,0.3811428571428571,0.025050505050505052
228,9.916813958638453,1573.0441432978826,141.0,2.82,0.4156666666666667,0.028484848484848484
229,2.001616487428117,327.3793730039728,116.0,2.32,0.4440952380952381,0.023434343434343436
230,4.260018501128852,672.2064319907487,107.0,2.14,0.28133333333333327,0.021616161616161617
231,1.459487359868671,213.10255795812486,141.0,2.82,0.3740476190476191,0.028484848484848484
232,7.264513596859155,1179.6036171791234,136.0,2.72,0.3777777777777777,0.027474747474747475
233,0.5182050193872629,71.20163580600718,119.0,2.38,0.30500000000000005,0.02404040404040404
234,9.014217096357628,1121.0665933055025,132.0,2.64,0.4219523809523809,0.02666666666666667
235,5.474249877531772,721.2609183790565,106.0,2.12,0.3143333333333333,0.021414141414141413
236,7.289630915371966,1273.9928485107973,139.0,2.78,0.4561428571428571,0.02808080808080808
237,5.809996341154116,835.0792907842788,123.0,2.46,0.3740952380952381,0.02484848484848485
238,9.448818505668857,1697.1328215518286,129.0,2.58,0.42671428571428566,0.026060606060606062
239,9.240230602644134,1341.835295182525,103.0,2.06,0.354,0.020808080808080807
240,1.6667000219892378,218.05312572659932,136.0,2.72,0.4113333333333333,0.027474747474747475
241,5.460207288918554,814.2391958462983,134.0,2.68,0.33850793650793654,0.02707070707070707
242,0.9778314230560653,152.77647972774173,139.0,2.78,0.3545952380952381,0.02808080808080808
243,7.774756428190172,1344.2044996299417,128.0,2.56,0.29640476190476195,0.02585858585858586
244,9.81530597807201,1552.375493496494,145.0,2.9,0.37242063492063493,0.029292929292929294
245,8.546869494625108,1279.2879651479589,142.0,2.84,0.43,0.028686868686868688
246,7.253866652998975,1037.886958176322,113.0,2.26,0.35033333333333333,0.02282828282828283
247,9.670185834074456,1356.5570639945954,110.0,2.2,0.3436666666666667,0.022222222222222223
248,3.0006358789878878,513.5869377724055,155.0,3.1,0.39212914862914855,0.031313131313131314
249,2.003717566854799,323.54206083698773,124.0,2.48,0.25651587301587303,0.025050505050505052
250,8.415051009028984,1153.3994224717012,131.0,2.62,0.3279047619047619,0.026464646464646465
251,2.0704912925734975,312.82772665410386,114.0,2.28,0.40433333333333343,0.02303030303030303
252,4.9640969485872235,825.9591505392812,140.0,2.8,0.3517857142857143,0.028282828282828285
253,6.9357188684414375,884.6531882932812,139.0,2.78,0.39173809523809516,0.02808080808080808
254,9.09986795630559,1472.427814248689,134.0,2.68,0.36595238095238103,0.02707070707070707
255,4.396974849757344,674.5077091132587,124.0,2.48,0.35333333333333333,0.025050505050505052
256,2.419537079962896,347.92549286471547,129.0,2.58,0.39966666666666667,0.026060606060606062
257,7.116358485924149,1033.5927417361158,122.0,2.44,0.42352380952380947,0.024646464646464646
258,6.0870620239421065,964.4629339352621,144.0,2.88,0.3808333333333334,0.02909090909090909
259,2.393947189847767,354.86359898251555,127.0,2.54,0.39514285714285713,0.025656565656565655
260,4.894531778699312,699.4074685031685,106.0,2.12,0.2763333333333333,0.021414141414141413
261,9.397802392903117,1428.3006408653619,119.0,2.38,0.31655555555555553,0.02404040404040404
262,2.7133917565651564,418.68006832905496,140.0,2.8,0.3868888888888889,0.028282828282828285
263,5.9411738429486975,893.1947927171838,127.0,2.54,0.39252380952380955,0.025656565656565655
264,0.9527867242797293,142.39565913326564,116.0,2.32,0.321,0.023434343434343436
265,3.9005803287816923,629.6036005620789,121.0,2.42,0.3473333333333333,0.024444444444444446
266,0.49024646380125714,65.28082192186866,140.0,2.8,0.3817857142857143,0.028282828282828285
267,2.1860061828979442,354.433617690127,145.0,2.9,0.4277857142857143,0.029292929292929294
268,4.664461264147168,677.8092984008738,126.0,2.52,0.36633333333333334,0.025454545454545455
269,6.1410770591303026,970.0837753660418,139.0,2.78,0.34978571428571426,0.02808080808080808
270,3.0559257654580856,463.6935278472658,115.0,2.3,0.38766666666666666,0.023232323232323233
271,2.6300514025253894,373.76319115248685,116.0,2.32,0.35833333333333334,0.023434343434343436
272,0.26507544836363234,38.253734536986016,122.0,2.44,0.3712857142857143,0.024646464646464646
273,2.9199169362933746,469.0638114528889,129.0,2.58,0.4024285714285714,0.026060606060606062
274,0.4687825967513346,79.28024353808672,123.0,2.46,0.3942857142857143,0.02484848484848485
275,6.661447361179141,1062.015728447302,131.0,2.62,0.4523809523809524,0.026464646464646465
276,7.494431241906972,1128.9285943412556,135.0,2.7,0.3409047619047619,0.02727272727272727
277,1.0199440448493016,169.35588806995912,115.0,2.3,0.316047619047619,0.023232323232323233
278,2.4921192668601244,372.7543738462946,115.0,2.3,0.35966666666666663,0.023232323232323233
279,2.004170344143443,302.6629903184324,116.0,2.32,0.377,0.023434343434343436
280,9.552926685657614,1352.514578982516,104.0,2.08,0.387,0.02101010101010101
281,9.636777210838229,1606.8270437179385,136.0,2.72,0.4203571428571429,0.027474747474747475
282,4.797006121022551,776.4644199275322,126.0,2.52,0.337952380952381,0.025454545454545455
283,5.2944057328159815,766.4783379897482,119.0,2.38,0.3217619047619047,0.02404040404040404
284,3.5276259526312064,549.9133353761174,123.0,2.46,0.43633333333333335,0.02484848484848485
285,8.476513438731834,1365.7295152722547,134.0,2.68,0.40904761904761905,0.02707070707070707
286,7.686559521928137,1091.3791588712718,127.0,2.54,0.3930952380952381,0.025656565656565655
287,1.5833064602235989,260.3323478871432,127.0,2.54,0.3654285714285715,0.025656565656565655
288,7.169277469666952,1078.6506586600226,143.0,2.86,0.45492857142857146,0.028888888888888888
289,6.353501663484105,769.6301530529299,125.0,2.5,0.31626190476190474,0.025252525252525252
290,9.841557415843663,1551.3439340860805,123.0,2.46,0.40099999999999997,0.02484848484848485
291,9.342135876569039,1396.6490340912533,123.0,2.46,0.43200000000000005,0.02484848484848485
292,3.0090409636869744,432.5572774918545,124.0,2.48,0.40476190476190477,0.025050505050505052
293,0.7924723224101766,118.81003435374112,133.0,2.66,0.4203333333333334,0.026868686868686868
294,0.2644837884671521,41.23967691800763,142.0,2.84,0.4366190476190476,0.028686868686868688
295,5.397877536920593,798.6447911271649,155.0,3.1,0.3927619047619048,0.031313131313131314
296,4.828892488378576,697.3431562941354,120.0,2.4,0.38100000000000006,0.024242424242424242
297,2.4849757978376226,364.1199125020292,144.0,2.88,0.41997619047619045,0.02909090909090909
298,5.873720118398481,864.7765899222288,117.0,2.34,0.2862857142857143,0.023636363636363636
299,6.2317058824864375,996.4499642579292,125.0,2.5,0.341452380952381,0.025252525252525252
300,6.697306408709997,982.1037680415752,144.0,2.88,0.3924285714285714,0.02909090909090909
301,8.87909316388991,1131.841339726328,133.0,2.66,0.3888571428571428,0.026868686868686868
302,6.7622314827382795,1052.9124239816097,121.0,2.42,0.3203333333333333,0.024444444444444446
303,1.3085216370379353,186.54001417399036,125.0,2.5,0.43,0.025252525252525252
304,6.453766149945177,918.1049499548097,125.0,2.5,0.3481428571428571,0.025252525252525252
305,9.634262358030952,1543.3676080340488,119.0,2.38,0.3003333333333333,0.02404040404040404
306,0.5707896956812527,86.47222206584898,132.0,2.64,0.3746666666666666,0.02666666666666667
307,1.3973425974246994,190.7923612661172,132.0,2.64,0.36523809523809525,0.02666666666666667
308,6.847289845009803,1046.8572771204438,137.0,2.74,0.3390714285714286,0.027676767676767678
309,7.70780573501029,1168.4947626925814,129.0,2.58,0.3643333333333334,0.026060606060606062
310,3.895390141174134,566.561215663209,139.0,2.78,0.4056666666666667,0.02808080808080808
311,8.44613344302603,1170.246827401856,126.0,2.52,0.3486666666666667,0.025454545454545455
312,3.0765767706434506,440.6241835891296,129.0,2.58,0.24876190476190477,0.026060606060606062
313,7.886063172745424,1121.7417732007016,159.0,3.18,0.43664285714285717,0.03212121212121212
314,9.181436002854948,1377.839453123293,121.0,2.42,0.3256666666666667,0.024444444444444446
315,5.270925428554002,710.6393721370966,132.0,2.64,0.4184285714285714,0.02666666666666667
316,1.4918408121767717,216.11688185366933,143.0,2.86,0.4211904761904763,0.028888888888888888
317,9.2572481245825,1298.8251400007628,128.0,2.56,0.3160952380952381,0.02585858585858586
318,8.91929992615168,1296.2749053282873,119.0,2.38,0.3138095238095238,0.02404040404040404
319,7.369888725878327,1165.0178163188343,129.0,2.58,0.3104126984126984,0.026060606060606062
320,6.369947770695297,1001.9239133304532,112.0,2.24,0.2993333333333333,0.022626262626262626
321,1.6123902653373106,233.82128917888875,127.0,2.54,0.40547619047619043,0.025656565656565655
322,2.434042359101727,367.2091919627902,118.0,2.36,0.4066428571428571,0.02383838383838384
323,8.806904471481557,1397.8230000776118,141.0,2.82,0.40333333333333327,0.028484848484848484
324,0.23622712342754945,34.5316003063785,120.0,2.4,0.2906666666666667,0.024242424242424242
325,0.7596302495084576,123.6071245185736,157.0,3.14,0.3681666666666667,0.03171717171717172
326,9.944521738564102,1516.4292441018852,133.0,2.66,0.37576190476190474,0.026868686868686868
327,3.077183861398099,429.0837654932966,142.0,2.84,0.41357142857142853,0.028686868686868688
328,1.7112789330428622,255.1848783159267,129.0,2.58,0.3445476190476191,0.026060606060606062
329,9.541575591968718,1548.0208879464856,127.0,2.54,0.3847142857142857,0.025656565656565655
330,6.253275511524617,819.2840471670329,124.0,2.48,0.3739047619047619,0.025050505050505052
331,1.539204390846074,219.094900298207,155.0,3.1,0.44461111111111107,0.031313131313131314
332,9.600277126911488,1320.91287092032,131.0,2.62,0.43616666666666665,0.026464646464646465
333,5.833437546975621,862.2106826598949,124.0,2.48,0.281047619047619,0.025050505050505052
334,4.4794761015837175,739.8280479721027,138.0,2.76,0.3053571428571428,0.027878787878787878
335,9.719703751045266,1470.1184334458517,136.0,2.72,0.4279761904761905,0.027474747474747475
336,4.815991073037222,562.4870620514073,125.0,2.5,0.3223809523809523,0.025252525252525252
337,3.7136653668701585,558.536620992055,122.0,2.44,0.34923809523809524,0.024646464646464646
338,4.4771761499974785,606.1104256135402,135.0,2.7,0.36184920634920636,0.02727272727272727
339,2.9150451623711517,454.11695445636406,134.0,2.68,0.3915238095238095,0.02707070707070707
340,2.4741226950302995,353.6138890065816,142.0,2.84,0.5190238095238096,0.028686868686868688
341,8.776122424492586,1459.0817730782237,131.0,2.62,0.34047619047619043,0.026464646464646465
342,5.690696699110374,890.6122651768653,114.0,2.28,0.29633333333333334,0.02303030303030303
343,4.324310869175824,707.6692471683245,133.0,2.66,0.33695238095238106,0.026868686868686868
344,1.146590397560461,142.33332387998013,122.0,2.44,0.39166666666666666,0.024646464646464646
345,9.303318588865665,1289.8329058134339,130.0,2.6,0.32666666666666666,0.026262626262626262
346,8.79675494529547,1277.6056108760326,129.0,2.58,0.31961904761904764,0.026060606060606062
347,0.3608740672584537,51.997407635989084,119.0,2.38,0.3233333333333333,0.02404040404040404
348,0.4324841747069361,66.0708888966027,123.0,2.46,0.3456666666666666,0.02484848484848485
349,6.090746649776847,876.5955200484993,143.0,2.86,0.4386666666666666,0.028888888888888888
350,7.912918070434359,1081.0654626827763,109.0,2.18,0.26461904761904764,0.02202020202020202
351,8.303006668396717,1185.4389827686914,134.0,2.68,0.32442857142857146,0.02707070707070707
352,8.76360067638499,1379.272828778231,146.0,2.92,0.44293650793650796,0.029494949494949494
353,4.409084550727454,718.5842457405529,157.0,3.14,0.41449206349206347,0.03171717171717172
354,3.4760103352271585,466.6953980492976,156.0,3.12,0.35419047619047617,0.03151515151515152
355,7.018480404710556,1029.7958636342564,152.0,3.04,0.37972222222222224,0.030707070707070707
356,3.841107835226953,636.2879695998769,133.0,2.66,0.38533333333333336,0.026868686868686868
357,8.10724362903566,1202.885965384537,144.0,2.88,0.37734920634920643,0.02909090909090909
358,7.297345103075765,1212.8109923363272,131.0,2.62,0.39004761904761914,0.026464646464646465
359,6.361736748205266,877.3676732147717,124.0,2.48,0.37961904761904763,0.025050505050505052
360,2.788398025525298,398.5637437094481,126.0,2.52,0.3543333333333334,0.025454545454545455
361,2.0594540138760253,294.8249808551776,133.0,2.66,0.3866190476190476,0.026868686868686868
362,3.124668811450876,450.0203101720331,136.0,2.72,0.361,0.027474747474747475
363,7.3676316604990095,1113.157337309361,121.0,2.42,0.3183333333333333,0.024444444444444446
364,1.3964771315034021,230.04050421609656,121.0,2.42,0.39533333333333326,0.024444444444444446
365,6.113294082709846,931.2691472624012,112.0,2.24,0.32599999999999996,0.022626262626262626
366,3.2013992399794673,498.19252484497616,123.0,2.46,0.266,0.02484848484848485
367,8.895447658155827,1449.4831892930579,130.0,2.6,0.4519047619047618,0.026262626262626262
368,8.224887725079094,1374.569671315297,116.0,2.32,0.36699999999999994,0.023434343434343436
369,2.0105253853238363,353.4799666955423,140.0,2.8,0.3529523809523809,0.028282828282828285
370,1.2283737052078012,191.19590531557253,136.0,2.72,0.33449999999999996,0.027474747474747475
371,2.9725044824405757,438.0741570720523,124.0,2.48,0.3629047619047619,0.025050505050505052
372,0.5618663997463805,77.12914956092584,153.0,3.06,0.3667380952380953,0.03090909090909091
373,3.5723102461092626,468.9001966482403,121.0,2.42,0.33266666666666667,0.024444444444444446
374,5.987038606508501,891.5711611139417,138.0,2.76,0.4152619047619047,0.027878787878787878
375,7.170436339438412,1020.2627445687764,182.0,3.64,0.4855202020202021,0.03676767676767677
376,3.4419892877850615,473.45860090812505,112.0,2.24,0.3506666666666666,0.022626262626262626
377,6.238373902680791,916.1329703874422,128.0,2.56,0.33614285714285713,0.02585858585858586
378,2.9060360094298674,402.9640029835921,133.0,2.66,0.29654761904761906,0.026868686868686868
379,2.057031726629706,305.1807325422959,136.0,2.72,0.466452380952381,0.027474747474747475
380,7.3454292840680635,1162.3837137428227,136.0,2.72,0.35014285714285714,0.027474747474747475
381,9.969630413720765,1681.851294872506,134.0,2.68,0.375452380952381,0.02707070707070707
382,7.323660282325546,1037.5669463703616,118.0,2.36,0.21933333333333332,0.02383838383838384
383,4.5574449332976785,754.0612690655386,131.0,2.62,0.36388888888888893,0.026464646464646465
384,9.445748689827463,1313.6399722426027,153.0,3.06,0.4013333333333333,0.03090909090909091
385,5.120482403573109,684.4158954526989,120.0,2.4,0.39404761904761904,0.024242424242424242
386,6.543972701678055,934.3057832224707,156.0,3.12,0.3906904761904761,0.03151515151515152
387,1.61928309744616,234.18610140193684,132.0,2.64,0.35533333333333333,0.02666666666666667
388,0.3732563904380507,56.70253866302668,113.0,2.26,0.2743333333333333,0.02282828282828283
389,8.202186131493328,1118.8636070851974,116.0,2.32,0.38766666666666666,0.023434343434343436
390,9.52865154861982,1705.6964607292718,119.0,2.38,0.37233333333333335,0.02404040404040404
391,0.5432020013177922,78.52886594152315,129.0,2.58,0.4,0.026060606060606062
392,6.665235650815215,978.6833961360395,116.0,2.32,0.37266666666666665,0.023434343434343436
393,3.0819651281366,483.7959468527254,143.0,2.86,0.41219047619047616,0.028888888888888888
394,9.288459041861044,1373.0090051849845,136.0,2.72,0.40299999999999997,0.027474747474747475
395,7.268963911693798,1242.2667380667335,115.0,2.3,0.333,0.023232323232323233
396,2.533643594811629,360.96444946115844,134.0,2.68,0.39016666666666666,0.02707070707070707
397,2.0073807092256355,283.20482735405176,133.0,2.66,0.4025714285714286,0.026868686868686868
398,7.86987974530657,1203.6632643666605,135.0,2.7,0.39859523809523817,0.02727272727272727
399,8.386650403014386,1346.696912890533,111.0,2.22,0.32966666666666666,0.022424242424242423
400,3.3397817541332913,477.46856779492884,139.0,2.78,0.3779523809523808,0.02808080808080808
401,5.771891661096262,992.267663399376,136.0,2.72,0.34885714285714287,0.027474747474747475
402,4.110774124891072,560.3167871323742,139.0,2.78,0.4322380952380952,0.02808080808080808
403,4.4051415136843985,784.2069626102879,134.0,2.68,0.3980714285714286,0.02707070707070707
404,2.055361205740519,310.1311343083113,127.0,2.54,0.3901428571428572,0.025656565656565655
405,0.715427117405932,99.92888782595026,128.0,2.56,0.2923333333333334,0.02585858585858586
406,1.7770738262840833,277.4958321083271,109.0,2.18,0.26399999999999996,0.02202020202020202
407,2.3053118030180677,343.20189280208626,107.0,2.14,0.4026666666666667,0.021616161616161617
408,7.327224156483903,1101.9074929897263,136.0,2.72,0.3999047619047619,0.027474747474747475
409,8.404148689756859,1235.627672944143,132.0,2.64,0.39257142857142857,0.02666666666666667
410,5.042537807943908,768.3279388239647,123.0,2.46,0.322047619047619,0.02484848484848485
411,3.921983045431215,677.2869133954932,129.0,2.58,0.4029523809523809,0.026060606060606062
412,6.053019552464547,905.8611139174147,147.0,2.94,0.39580952380952383,0.029696969696969697
413,8.395719051125925,1343.6888442816899,102.0,2.04,0.29033333333333333,0.020606060606060607
414,8.43502337445501,1311.3909024707275,123.0,2.46,0.3776666666666667,0.02484848484848485
415,7.737099750797746,1161.0586959054324,115.0,2.3,0.33233333333333337,0.023232323232323233
416,8.633777271898834,1312.2499634167548,119.0,2.38,0.36023809523809525,0.02404040404040404
417,4.422812305265336,746.0030036851581,110.0,2.2,0.3196666666666667,0.022222222222222223
418,8.364397020804779,1369.7555484644204,127.0,2.54,0.3436666666666667,0.025656565656565655
419,3.1658304488311995,495.37212307925444,141.0,2.82,0.3612857142857143,0.028484848484848484
420,4.070980028274041,660.144749067326,134.0,2.68,0.3711428571428572,0.02707070707070707
421,8.062235045125448,1197.615911604191,142.0,2.84,0.35214285714285715,0.028686868686868688
422,6.963563800793618,1006.9704490627893,131.0,2.62,0.3761428571428571,0.026464646464646465
423,5.30099056416588,651.5580401715334,106.0,2.12,0.31966666666666665,0.021414141414141413
424,2.639829084250392,379.50481510870026,131.0,2.62,0.4233333333333333,0.026464646464646465
425,8.719524008461239,1448.1578890649582,128.0,2.56,0.2917619047619048,0.02585858585858586
426,3.295023196273537,488.47054175949427,138.0,2.76,0.38823809523809527,0.027878787878787878
427,6.275513060675175,936.091393745073,128.0,2.56,0.3292142857142856,0.02585858585858586
428,7.453904244740838,1155.1560886658606,121.0,2.42,0.4311904761904762,0.024444444444444446
429,9.170734595269035,1464.981734928086,130.0,2.6,0.38464285714285723,0.026262626262626262
430,7.035494204797205,1050.4893321405889,145.0,2.9,0.38328571428571423,0.029292929292929294
431,7.746690036914936,1148.8404184129495,128.0,2.56,0.32400000000000007,0.02585858585858586
432,3.8607843268085964,619.6140236432075,156.0,3.12,0.3915714285714287,0.03151515151515152
433,2.8186884188080423,384.5284441109509,115.0,2.3,0.35604761904761906,0.023232323232323233
434,4.042085963790839,583.7669407791356,129.0,2.58,0.3067142857142857,0.026060606060606062
435,8.752328878855183,1414.7379659998242,151.0,3.02,0.3833571428571429,0.030505050505050504
436,9.232748475001143,1509.3720844615273,151.0,3.02,0.4312619047619048,0.030505050505050504
437,8.950622799429604,1471.7078744706373,130.0,2.6,0.37076190476190474,0.026262626262626262
438,7.227144542192111,1077.092509883079,137.0,2.74,0.44066666666666665,0.027676767676767678
439,9.645831169727709,1502.2286637594284,120.0,2.4,0.37866666666666676,0.024242424242424242
440,6.857819507350586,1013.3871474104069,115.0,2.3,0.425,0.023232323232323233
441,0.36129707189039917,49.61799355794265,130.0,2.6,0.3783333333333333,0.026262626262626262
442,6.392465889860331,898.596419613151,125.0,2.5,0.338,0.025252525252525252
443,0.4139054689119265,62.81975625236456,135.0,2.7,0.3906666666666666,0.02727272727272727
444,9.27441823500722,1491.8713368176118,134.0,2.68,0.4059047619047619,0.02707070707070707
445,8.610557332127865,1553.4731123012716,130.0,2.6,0.4132857142857143,0.026262626262626262
446,5.152065406105166,670.5266469369517,136.0,2.72,0.34852380952380957,0.027474747474747475
447,4.8723796727877415,732.8441283417696,143.0,2.86,0.41614285714285715,0.028888888888888888
448,2.9019786630582423,433.09269920670096,120.0,2.4,0.29466666666666663,0.024242424242424242
449,0.43347381007091745,66.86576161854592,139.0,2.78,0.4156190476190476,0.02808080808080808
450,8.872839706780951,1329.3228707428857,119.0,2.38,0.27969047619047616,0.02404040404040404
451,6.856739160234578,1007.0137746954061,127.0,2.54,0.49004761904761907,0.025656565656565655
452,5.752390978175844,761.8397697771875,101.0,2.02,0.31166666666666665,0.020404040404040404
453,2.192340107296906,355.8461494203314,178.0,3.56,0.426027417027417,0.03595959595959596
454,0.7209706467623508,89.15787369729475,122.0,2.44,0.3615238095238095,0.024646464646464646
455,4.8159079407614955,729.4223167373959,140.0,2.8,0.3874761904761905,0.028282828282828285
456,7.06312925046793,887.2355535105038,137.0,2.74,0.390047619047619,0.027676767676767678
457,6.7505140783094895,1012.1380446331962,127.0,2.54,0.4387539682539682,0.025656565656565655
458,8.804703230617724,1371.4796181026084,129.0,2.58,0.4329047619047619,0.026060606060606062
459,5.478522664772808,889.0113331137278,121.0,2.42,0.4393333333333333,0.024444444444444446
460,1.9015678942837622,314.8400146651556,120.0,2.4,0.3344047619047618,0.024242424242424242
461,3.972337602460915,577.6539403507833,135.0,2.7,0.32533333333333336,0.02727272727272727
462,1.7011332643844967,229.66799949507964,138.0,2.76,0.37069047619047624,0.027878787878787878
463,5.996098002637623,871.3536194428292,134.0,2.68,0.37773809523809526,0.02707070707070707
464,4.740699871085614,797.7153258656724,124.0,2.48,0.445,0.025050505050505052
465,6.626144183680942,836.4797178893643,118.0,2.36,0.3616666666666666,0.02383838383838384
466,7.366044269536793,1202.3685441805524,120.0,2.4,0.33385714285714285,0.024242424242424242
467,4.425540705792617,757.0282164568089,129.0,2.58,0.4287619047619048,0.026060606060606062
468,0.8078034641531767,120.57992046608462,143.0,2.86,0.4601904761904761,0.028888888888888888
469,8.347862004546675,1249.6971552674615,123.0,2.46,0.35121428571428565,0.02484848484848485
470,7.007168008624982,1061.459756842745,107.0,2.14,0.38733333333333336,0.021616161616161617
471,1.19273183663078,162.76300463493783,143.0,2.86,0.3565396825396825,0.028888888888888888
472,0.8143163512860003,117.66066893718858,137.0,2.74,0.3995952380952381,0.027676767676767678
473,6.3326137561089295,934.206433326455,128.0,2.56,0.3264047619047619,0.02585858585858586
474,6.506462183295714,896.2340703868251,117.0,2.34,0.3683333333333333,0.023636363636363636
475,4.092230795856454,523.8799907023209,119.0,2.38,0.3533333333333333,0.02404040404040404
476,6.841323315506656,919.4936155612404,133.0,2.66,0.3545952380952381,0.026868686868686868
477,5.322636578565361,827.9801774502201,136.0,2.72,0.4250714285714286,0.027474747474747475
478,4.044264650299639,633.959191066429,122.0,2.44,0.39333333333333337,0.024646464646464646
479,9.258435948690654,1377.7489690490168,116.0,2.32,0.38233333333333336,0.023434343434343436
480,5.198635721036333,830.9013762205429,148.0,2.96,0.46680952380952384,0.0298989898989899
481,9.268725249407604,1259.2303151847555,131.0,2.62,0.4508650793650794,0.026464646464646465
482,6.19249072692395,975.8970789609882,116.0,2.32,0.32366666666666666,0.023434343434343436
483,6.5786841456269345,954.468325544187,125.0,2.5,0.3018333333333333,0.025252525252525252
484,7.820548931737178,1016.8883089067476,118.0,2.36,0.41666666666666663,0.02383838383838384
485,6.730722983490463,1056.6164870131518,124.0,2.48,0.5007619047619047,0.025050505050505052
486,9.675910849486828,1401.8162753294023,127.0,2.54,0.3994285714285714,0.025656565656565655
487,9.71164219667859,1496.1792815441327,119.0,2.38,0.4416666666666666,0.02404040404040404
488,3.5830129709870504,571.8877236067634,131.0,2.62,0.372047619047619,0.026464646464646465
489,3.878282738628098,591.9436987734457,125.0,2.5,0.36714285714285716,0.025252525252525252
490,9.073624391270814,1274.2374689854942,145.0,2.9,0.4230238095238095,0.029292929292929294
491,1.0498545085240907,166.5580723732678,116.0,2.32,0.31047619047619046,0.023434343434343436
492,8.108485616317262,1216.8818585753436,114.0,2.28,0.4206666666666667,0.02303030303030303
493,4.164664220789028,685.2774737602014,128.0,2.56,0.34371428571428575,0.02585858585858586
494,8.689206965841505,1076.7682913419899,142.0,2.84,0.44864285714285707,0.028686868686868688
495,2.5646244860915557,413.714235846032,145.0,2.9,0.39278571428571424,0.029292929292929294
496,6.444713582448692,1031.5663647684307,139.0,2.78,0.44499999999999995,0.02808080808080808
497,3.2523749682665826,454.0479111947032,125.0,2.5,0.3248095238095237,0.025252525252525252
498,9.847965664773463,1525.0729693587932,139.0,2.78,0.4141428571428572,0.02808080808080808
499,8.276177857428108,1156.9566947438057,126.0,2.52,0.3805238095238095,0.025454545454545455
500,0.13005767967336437,21.43832898665346,151.0,3.02,0.4530873015873016,0.030505050505050504
501,6.4356539706389855,1039.1461723098212,134.0,2.68,0.400595238095238,0.02707070707070707
502,7.9229818596015456,1178.7825419770843,118.0,2.36,0.42,0.02383838383838384
503,1.3124305521537785,195.96284913717733,141.0,2.82,0.34744444444444444,0.028484848484848484
504,7.504114739411828,1267.2267307958664,133.0,2.66,0.38569047619047614,0.026868686868686868
505,0.20000312763845007,31.69249534024297,119.0,2.38,0.36133333333333334,0.02404040404040404
506,0.2500174310955782,37.1321979345926,134.0,2.68,0.33176190476190487,0.02707070707070707
507,7.771937367430433,1088.2177640019222,129.0,2.58,0.3386666666666666,0.026060606060606062
508,1.1878180233616418,175.2986729479904,121.0,2.42,0.3451428571428572,0.024444444444444446
509,3.5401613222202597,542.4279064591422,166.0,3.32,0.3977316017316017,0.033535353535353536
510,8.905645918330688,1345.9946387107116,123.0,2.46,0.4227619047619048,0.02484848484848485
511,4.187562148991266,674.5392910642413,117.0,2.34,0.3933333333333333,0.023636363636363636
512,4.364214721960526,727.9600266045535,137.0,2.74,0.3517142857142857,0.027676767676767678
513,9.199926837055402,1327.410263835508,118.0,2.36,0.25523809523809526,0.02383838383838384
514,2.1540117413384503,347.1301023938089,119.0,2.38,0.3463333333333333,0.02404040404040404
515,9.246625649752907,1568.7530175879062,136.0,2.72,0.38531746031746034,0.027474747474747475
516,9.116490513001905,1455.6446018028653,120.0,2.4,0.2676428571428571,0.024242424242424242
517,3.638036230126888,554.2120478259747,128.0,2.56,0.3343809523809524,0.02585858585858586
518,9.134642311191486,1281.64159584396,133.0,2.66,0.30602380952380953,0.026868686868686868
519,1.1637425532476688,175.6316983020321,131.0,2.62,0.45033333333333336,0.026464646464646465
520,1.0668092107296072,145.99721000842803,116.0,2.32,0.3066666666666667,0.023434343434343436
521,4.757525354465624,634.1804702201065,127.0,2.54,0.3185238095238095,0.025656565656565655
522,8.754950936418721,1354.0908062185524,128.0,2.56,0.3966666666666667,0.02585858585858586
523,6.2312216672059355,962.393077493721,144.0,2.88,0.385095238095238,0.02909090909090909
524,4.91006971100905,682.1557829028089,115.0,2.3,0.2906666666666667,0.023232323232323233
525,2.315356086180554,343.13894451613606,129.0,2.58,0.4121111111111111,0.026060606060606062
526,5.875412331383512,915.1911452917302,146.0,2.92,0.43231746031746027,0.029494949494949494
527,9.234387887437567,1424.176235440014,133.0,2.66,0.4599999999999999,0.026868686868686868
528,9.97206740087202,1692.3612469363125,125.0,2.5,0.4179047619047619,0.025252525252525252
529,9.038476020229693,1323.4629193745213,122.0,2.44,0.26466666666666666,0.024646464646464646
530,7.615697437342979,1151.3339063917053,147.0,2.94,0.38523809523809516,0.029696969696969697
531,6.8376242063164625,1076.940984370358,125.0,2.5,0.3646666666666667,0.025252525252525252
532,0.749800903253915,92.86612610883977,123.0,2.46,0.39083333333333337,0.02484848484848485
533,8.054451987358322,1351.6334281335346,125.0,2.5,0.3544761904761905,0.025252525252525252
534,7.020402690827304,1114.4286437856965,133.0,2.66,0.38666666666666666,0.026868686868686868
535,6.184430796512153,903.8616019658998,117.0,2.34,0.2558095238095238,0.023636363636363636
536,3.80385302565568,529.0499897098899,125.0,2.5,0.326,0.025252525252525252
537,6.270533648425184,948.9664090703569,163.0,3.26,0.42076190476190467,0.032929292929292926
538,7.174225301333668,1216.2714238016106,143.0,2.86,0.37935714285714284,0.028888888888888888
539,9.391238860153875,1354.6231943507441,137.0,2.74,0.4735634920634921,0.027676767676767678
540,9.76743891178182,1542.3867672102924,111.0,2.22,0.2701428571428572,0.022424242424242423
541,7.528485768446126,1060.5015557499687,105.0,2.1,0.27066666666666667,0.021212121212121213
542,7.378294751428433,1147.9103043664388,125.0,2.5,0.29978571428571427,0.025252525252525252
543,3.1426617539557826,441.58654133694654,151.0,3.02,0.3915036075036074,0.030505050505050504
544,6.7497173509299655,972.3234776274458,150.0,3.0,0.4732857142857143,0.030303030303030304
545,4.341845222208241,676.9710462640875,140.0,2.8,0.35383333333333333,0.028282828282828285
546,9.209268696953506,1579.9101353335673,131.0,2.62,0.3402380952380952,0.026464646464646465
547,6.648664483043601,859.7758054284911,136.0,2.72,0.4078095238095238,0.027474747474747475
548,3.365545627047602,475.38017657923893,117.0,2.34,0.30633333333333335,0.023636363636363636
549,7.463452235053953,1126.1825755982827,119.0,2.38,0.3743333333333333,0.02404040404040404
550,5.032187076726292,687.872608292264,122.0,2.44,0.3208333333333333,0.024646464646464646
551,3.977609667570216,633.195673997835,100.0,2.0,0.30699999999999994,0.020202020202020204
552,7.266711160104884,1135.4834075361875,144.0,2.88,0.3796666666666667,0.02909090909090909
553,4.824387281287262,717.5720890608673,113.0,2.26,0.24961904761904757,0.02282828282828283
554,8.66829691242925,1186.9000692135482,126.0,2.52,0.3152857142857143,0.025454545454545455
555,4.5212474393356485,709.199352605781,121.0,2.42,0.30033333333333334,0.024444444444444446
556,4.447490111290691,659.8031449366374,129.0,2.58,0.40361904761904766,0.026060606060606062
557,4.87669801330683,704.9641605703491,140.0,2.8,0.3995,0.028282828282828285
558,7.681236048151022,1393.8120313818392,116.0,2.32,0.3431428571428571,0.023434343434343436
559,5.896817609372221,904.553264318956,133.0,2.66,0.38005555555555554,0.026868686868686868
560,1.423467887217672,229.31608626905637,100.0,2.0,0.26300000000000007,0.020202020202020204
561,9.26648972474671,1381.9177760163345,121.0,2.42,0.4372380952380952,0.024444444444444446
562,0.5836934322369765,92.91736534219761,109.0,2.18,0.33299999999999996,0.02202020202020202
563,5.319568538807002,733.8265180328021,146.0,2.92,0.38800000000000007,0.029494949494949494
564,0.443853499923587,66.31395804885268,132.0,2.64,0.31616666666666676,0.02666666666666667
565,0.39652453921685615,50.832231133025886,141.0,2.82,0.3456666666666667,0.028484848484848484
566,8.76386636220981,1397.2611965991941,117.0,2.34,0.30033333333333334,0.023636363636363636
567,8.317781512444375,1369.2119961834223,166.0,3.32,0.42445238095238097,0.033535353535353536
568,7.66761386912732,1045.9694857299814,144.0,2.88,0.4656666666666666,0.02909090909090909
569,8.805691320734075,1163.7354345704116,146.0,2.92,0.4037380952380953,0.029494949494949494
570,0.11623733550670738,19.841603003945366,160.0,3.2,0.4610346320346321,0.03232323232323232
571,6.068747717610427,826.6038714592937,145.0,2.9,0.3798095238095238,0.029292929292929294
572,2.736843004374924,470.0479050809962,117.0,2.34,0.37866666666666676,0.023636363636363636
573,7.628171827264842,1321.5211328570392,147.0,2.94,0.37721428571428567,0.029696969696969697
574,2.888747619839316,413.79321125067264,115.0,2.3,0.3,0.023232323232323233
575,3.222029774421712,472.8802277178502,122.0,2.44,0.3470476190476191,0.024646464646464646
576,7.909358964651382,1199.052057904455,127.0,2.54,0.39899999999999997,0.025656565656565655
577,1.3570999113611069,184.1310823245398,112.0,2.24,0.3983333333333334,0.022626262626262626
578,9.77896867943523,1564.9409075771457,128.0,2.56,0.3202619047619047,0.02585858585858586
579,7.628172549133581,1118.4944042135435,128.0,2.56,0.45052380952380955,0.02585858585858586
580,4.967530854589754,874.6232946183873,155.0,3.1,0.45969047619047615,0.031313131313131314
581,2.2195045984763175,347.26078668696937,130.0,2.6,0.3376904761904762,0.026262626262626262
582,0.23369827249617472,34.945027919729455,125.0,2.5,0.3611904761904761,0.025252525252525252
583,3.1034332701238996,440.38288037254324,118.0,2.36,0.38233333333333336,0.02383838383838384
584,6.674459990972067,844.3334264538435,142.0,2.84,0.436,0.028686868686868688
585,0.3382372048503115,44.07622425340148,157.0,3.14,0.339023088023088,0.03171717171717172
586,2.9788363325162974,456.10916271220685,124.0,2.48,0.3403333333333333,0.025050505050505052
587,9.169782088825881,1366.5487628905375,131.0,2.62,0.4646666666666667,0.026464646464646465
588,2.9161012267278674,481.46410683724446,121.0,2.42,0.41700000000000004,0.024444444444444446
589,7.317302024096515,1098.5016019750256,137.0,2.74,0.3867142857142856,0.027676767676767678
590,4.113493322168313,635.8040092435087,109.0,2.18,0.3296666666666666,0.02202020202020202
591,8.606439668757776,1300.2693943981594,134.0,2.68,0.353,0.02707070707070707
592,8.257808319315194,1277.236363921933,125.0,2.5,0.38726190476190475,0.025252525252525252
593,8.314910686943945,1219.7249414557907,139.0,2.78,0.3546666666666667,0.02808080808080808
594,3.3192010079909653,504.5854749712596,123.0,2.46,0.373,0.02484848484848485
595,9.73902976580174,1604.309552068444,148.0,2.96,0.34996031746031747,0.0298989898989899
596,1.914340549625493,302.4514027665781,118.0,2.36,0.4231904761904762,0.02383838383838384
597,8.213991663307311,1070.2393013720198,123.0,2.46,0.417,0.02484848484848485
598,4.368657202363987,683.0910432714788,125.0,2.5,0.4254285714285715,0.025252525252525252
599,9.046328421099266,1325.618494796859,137.0,2.74,0.409,0.027676767676767678
600,2.1213265821796368,344.8332467108096,132.0,2.64,0.4053809523809524,0.02666666666666667
601,3.827789821449752,671.7528978866619,138.0,2.76,0.4441904761904761,0.027878787878787878
602,8.54175479788116,1399.1057900113908,122.0,2.44,0.32285714285714284,0.024646464646464646
603,7.926322694808368,1218.4412950680962,126.0,2.52,0.4168571428571428,0.025454545454545455
604,3.2066706702895846,516.2021613633013,137.0,2.74,0.32252380952380955,0.027676767676767678
605,9.573824971432018,1438.0924983293294,145.0,2.9,0.4075238095238095,0.029292929292929294
606,6.828353105309817,999.5533300376178,139.0,2.78,0.4196190476190476,0.02808080808080808
607,9.081594048643778,1292.0237746676416,121.0,2.42,0.30028571428571427,0.024444444444444446
608,1.7931901561686672,322.81164324509643,134.0,2.68,0.3586904761904761,0.02707070707070707
609,7.622846944592431,1170.8239798179113,143.0,2.86,0.44433333333333336,0.028888888888888888
610,0.9117695055180647,138.56339378618807,128.0,2.56,0.38119047619047614,0.02585858585858586
611,4.530315593390759,654.3436871865417,128.0,2.56,0.3688571428571429,0.02585858585858586
612,5.734188972543327,831.5333381589055,133.0,2.66,0.44857142857142857,0.026868686868686868
613,5.742402921369387,820.286142788762,136.0,2.72,0.39871428571428574,0.027474747474747475
614,8.392194082031178,1323.2889072252337,131.0,2.62,0.386,0.026464646464646465
615,2.404960244224859,340.9827592368615,129.0,2.58,0.3493333333333334,0.026060606060606062
616,5.0924800815472056,792.4258566293333,125.0,2.5,0.2946190476190476,0.025252525252525252
617,1.340595691235116,221.15541377863312,139.0,2.78,0.4859761904761905,0.02808080808080808
618,9.089125057583923,1343.8936643080565,131.0,2.62,0.3398095238095238,0.026464646464646465
619,9.135748041297962,1296.734359224523,116.0,2.32,0.3476190476190476,0.023434343434343436
620,8.76495564332475,1273.7992181155,117.0,2.34,0.37900000000000006,0.023636363636363636
621,6.237276252568508,968.9919040403328,134.0,2.68,0.3582619047619048,0.02707070707070707
622,3.406987616580775,502.8821798368115,129.0,2.58,0.3953333333333333,0.026060606060606062
623,5.352921617723106,769.3054791137689,137.0,2.74,0.30142857142857143,0.027676767676767678
624,2.1685951724910146,316.00132465729894,125.0,2.5,0.29814285714285715,0.025252525252525252
625,2.5200995792222867,383.6749724377031,141.0,2.82,0.3850476190476191,0.028484848484848484
626,8.593928406795163,1564.0643161271873,129.0,2.58,0.27547619047619043,0.026060606060606062
627,6.976313816116318,1007.3455666168303,120.0,2.4,0.41266666666666674,0.024242424242424242
628,7.932878780184561,1229.2563985713205,139.0,2.78,0.387452380952381,0.02808080808080808
629,6.873491644242995,1072.1089208227816,153.0,3.06,0.4152539682539681,0.03090909090909091
630,3.2582600210123203,518.2340215480931,111.0,2.22,0.38433333333333336,0.022424242424242423
631,2.9552118718915086,476.79114521065753,138.0,2.76,0.3854523809523809,0.027878787878787878
632,5.115070414436824,789.6476646092585,137.0,2.74,0.34900000000000003,0.027676767676767678
633,2.799232826935095,455.21517520033,133.0,2.66,0.3079285714285714,0.026868686868686868
634,8.504837936429253,1226.233849069385,113.0,2.26,0.33166666666666667,0.02282828282828283
635,0.539029172034241,78.64725666744862,146.0,2.92,0.39606349206349206,0.029494949494949494
636,8.573526272436691,1144.082339891372,119.0,2.38,0.44233333333333336,0.02404040404040404
637,4.893177556698346,723.5743262504459,124.0,2.48,0.47561904761904755,0.025050505050505052
638,2.031114853780407,319.3077461511978,131.0,2.62,0.38811904761904764,0.026464646464646465
639,1.652712584446434,277.11060680058074,118.0,2.36,0.31466666666666665,0.02383838383838384
640,7.572219788324503,1026.5843412622798,128.0,2.56,0.3637142857142857,0.02585858585858586
641,4.746810364498325,816.7023814585958,107.0,2.14,0.36542857142857144,0.021616161616161617
642,1.524403209507233,225.56702085819066,121.0,2.42,0.32580952380952377,0.024444444444444446
643,7.799005890741385,1152.9153575986727,118.0,2.36,0.2763333333333333,0.02383838383838384
644,4.897018903596556,782.4265454659071,122.0,2.44,0.4437063492063491,0.024646464646464646
645,1.0085796602305512,155.85555378709333,154.0,3.08,0.43366666666666664,0.03111111111111111
646,9.308152176151033,1358.956016356562,132.0,2.64,0.3580714285714286,0.02666666666666667
647,1.4658268997741353,226.41180797940382,122.0,2.44,0.36800000000000005,0.024646464646464646
648,0.9868233843528027,145.4561718440567,106.0,2.12,0.38166666666666665,0.021414141414141413
649,8.519322587011004,1124.2520277016301,127.0,2.54,0.3790952380952381,0.025656565656565655
650,0.4886893459078153,73.5877734771525,135.0,2.7,0.3351904761904761,0.02727272727272727
651,0.20380020254371417,35.79176213331249,115.0,2.3,0.3906666666666666,0.023232323232323233
652,8.594333746737005,1187.5848749350293,139.0,2.78,0.39099999999999996,0.02808080808080808
653,0.9657256980857359,148.60211851490118,133.0,2.66,0.32066666666666666,0.026868686868686868
654,2.223771218617378,336.80673472293887,120.0,2.4,0.3782380952380952,0.024242424242424242
655,7.06684520408205,1098.585042109461,128.0,2.56,0.38747619047619053,0.02585858585858586
656,8.642507881425043,1227.0869271439453,133.0,2.66,0.40099999999999997,0.026868686868686868
657,8.394607546263906,1339.4377615688836,140.0,2.8,0.35391269841269846,0.028282828282828285
658,7.87301061745096,1145.4224581888698,141.0,2.82,0.41533333333333333,0.028484848484848484
659,2.217190261471118,295.6718364877791,139.0,2.78,0.3563174603174603,0.02808080808080808
660,8.234106514647525,1187.848305156849,127.0,2.54,0.317452380952381,0.025656565656565655
661,0.6078179369936414,84.55910980523659,119.0,2.38,0.33542857142857146,0.02404040404040404
662,7.72016319627124,1161.9615636958238,147.0,2.94,0.37714285714285717,0.029696969696969697
663,3.2393226185609403,466.82938981405505,131.0,2.62,0.3953333333333333,0.026464646464646465
664,2.651376926809784,432.14928207821265,119.0,2.38,0.36200000000000004,0.02404040404040404
665,0.13191294032361361,17.339063614626507,116.0,2.32,0.349,0.023434343434343436
666,8.708380655631196,1135.7490410431574,129.0,2.58,0.4438571428571428,0.026060606060606062
667,1.2023216935397558,194.64165106824507,126.0,2.52,0.43176984126984125,0.025454545454545455
668,4.048875967275926,636.8038215683371,152.0,3.04,0.4763809523809524,0.030707070707070707
669,2.624700682751248,377.0052839762419,144.0,2.88,0.41957142857142854,0.02909090909090909
670,7.5967762617126136,1039.0964820624627,131.0,2.62,0.4453333333333333,0.026464646464646465
671,0.6536037077728216,115.46052019149154,107.0,2.14,0.26004761904761897,0.021616161616161617
672,4.416338638720019,544.6783852083151,118.0,2.36,0.311,0.02383838383838384
673,8.633584977226313,1309.0366361789156,126.0,2.52,0.3751904761904762,0.025454545454545455
674,0.10766733757758445,16.73633675368658,135.0,2.7,0.3961428571428572,0.02727272727272727
675,5.443204750056051,731.8016631703968,140.0,2.8,0.4650000000000001,0.028282828282828285
676,4.551652214434357,691.5475361052899,114.0,2.28,0.36400000000000005,0.02303030303030303
677,2.071620053716528,308.7130048793013,150.0,3.0,0.46112698412698416,0.030303030303030304
678,5.5261382623178115,839.2964835706217,125.0,2.5,0.389,0.025252525252525252
679,7.771977828682674,1255.5727259526097,135.0,2.7,0.5095714285714286,0.02727272727272727
680,1.4844153625594247,221.33035573368215,155.0,3.1,0.4078333333333333,0.031313131313131314
681,1.4194059509614545,249.06720221942646,165.0,3.3,0.41492063492063486,0.03333333333333333
682,7.724366672995782,1011.5781106829717,124.0,2.48,0.35600000000000004,0.025050505050505052
683,9.524973293303264,1256.051508294607,156.0,3.12,0.3879603174603174,0.03151515151515152
684,1.77425367678643,280.5480536511549,124.0,2.48,0.3468571428571428,0.025050505050505052
685,2.280762702471691,332.6594202525386,153.0,3.06,0.4374285714285715,0.03090909090909091
686,1.9777479166798415,304.09024669417545,145.0,2.9,0.42470634920634914,0.029292929292929294
687,8.017363415598286,1143.5268333032382,132.0,2.64,0.2778333333333333,0.02666666666666667
688,6.083738056373503,842.3394133200206,141.0,2.82,0.3651031746031746,0.028484848484848484
689,8.612637545630378,1351.1744840162262,125.0,2.5,0.364,0.025252525252525252
690,8.859403093035395,1346.0400287216057,128.0,2.56,0.3388809523809524,0.02585858585858586
691,6.203533451149732,946.4492136306417,151.0,3.02,0.36464285714285716,0.030505050505050504
692,3.510217743277151,510.2620847754248,117.0,2.34,0.311,0.023636363636363636
693,7.567406907101169,1189.598465625764,119.0,2.38,0.41428571428571426,0.02404040404040404
694,3.384762094755128,422.174341634184,123.0,2.46,0.31557142857142856,0.02484848484848485
695,7.89188466628106,1140.8517029291263,111.0,2.22,0.31866666666666665,0.022424242424242423
696,8.29369974023244,1295.4372437195093,117.0,2.34,0.3848095238095238,0.023636363636363636
697,4.6920523182729985,811.7220496599844,112.0,2.24,0.26799999999999996,0.022626262626262626
698,4.971555831254843,686.7367380063588,142.0,2.84,0.3440952380952381,0.028686868686868688
699,3.093509090105364,528.9668836407864,141.0,2.82,0.4236666666666666,0.028484848484848484
700,7.814249426460142,1296.0819705073882,125.0,2.5,0.4084285714285714,0.025252525252525252
701,8.986730560586722,1208.0340310602987,145.0,2.9,0.4612380952380952,0.029292929292929294
702,8.286280837890581,1267.2879513553812,142.0,2.84,0.3218333333333333,0.028686868686868688
703,4.095156507377202,657.5445358465894,142.0,2.84,0.3724761904761905,0.028686868686868688
704,8.231287016893306,1420.1490540991676,142.0,2.84,0.32907142857142857,0.028686868686868688
705,7.533397200798081,1161.259328063365,138.0,2.76,0.3600000000000001,0.027878787878787878
706,8.712842418520285,1235.1905950515927,124.0,2.48,0.41766666666666663,0.025050505050505052
707,0.513493396303911,74.11297742366567,130.0,2.6,0.4139285714285715,0.026262626262626262
708,9.70044169085911,1484.6067379002484,147.0,2.94,0.45023809523809527,0.029696969696969697
709,0.5697401178607364,89.34655798260661,129.0,2.58,0.35354761904761905,0.026060606060606062
710,0.287143583505663,44.29015356336871,135.0,2.7,0.39028571428571424,0.02727272727272727
711,1.322197552132809,201.1016784007365,149.0,2.98,0.4253809523809523,0.0301010101010101
712,4.810111615065221,590.8573115653597,138.0,2.76,0.4005714285714286,0.027878787878787878
713,2.7612528466299953,360.7830497431912,143.0,2.86,0.4396666666666666,0.028888888888888888
714,1.8639218136635034,280.85425951023115,131.0,2.62,0.40080952380952384,0.026464646464646465
715,5.367587811193796,643.0299317873177,128.0,2.56,0.3975714285714285,0.02585858585858586
716,2.6975356740870664,432.2372109904502,115.0,2.3,0.32285714285714284,0.023232323232323233
717,1.9390896200700067,271.55415742212017,124.0,2.48,0.33885714285714286,0.025050505050505052
718,8.969511031644352,1229.3398495687875,125.0,2.5,0.2847142857142857,0.025252525252525252
719,2.1563546654188235,315.8177972110579,147.0,2.94,0.4349523809523809,0.029696969696969697
720,5.820436786795156,971.1354031307358,123.0,2.46,0.3464285714285715,0.02484848484848485
721,0.5319461400046896,80.14836305816806,123.0,2.46,0.2836666666666667,0.02484848484848485
722,7.787348912805834,1209.9539893713627,128.0,2.56,0.3827619047619047,0.02585858585858586
723,2.7861498313967332,408.7540836387145,120.0,2.4,0.3428571428571429,0.024242424242424242
724,4.60899267054568,701.0443974373658,137.0,2.74,0.3036666666666667,0.027676767676767678
725,6.395032804596595,890.6886661841883,142.0,2.84,0.35781746031746026,0.028686868686868688
726,5.0515134678816604,777.6050353105016,163.0,3.26,0.4075714285714286,0.032929292929292926
727,6.005162582892533,942.1836952750004,151.0,3.02,0.4342619047619048,0.030505050505050504
728,0.9290950993468458,138.9979300046985,131.0,2.62,0.46595238095238095,0.026464646464646465
729,3.8188283536048413,631.3150706132974,114.0,2.28,0.26599999999999996,0.02303030303030303
730,0.554516199084717,89.16617344615116,124.0,2.48,0.33333333333333337,0.025050505050505052
731,7.920511835586409,1160.529197188875,127.0,2.54,0.38080952380952376,0.025656565656565655
732,6.414118208179169,825.5925545256057,147.0,2.94,0.41754761904761906,0.029696969696969697
733,5.823413140369366,903.8891887341871,131.0,2.62,0.357095238095238,0.026464646464646465
734,3.417206943184266,498.44606830050355,141.0,2.82,0.4613333333333333,0.028484848484848484
735,9.570716566199792,1589.137540763947,139.0,2.78,0.4163333333333334,0.02808080808080808
736,0.5418818204915888,74.26771909394392,153.0,3.06,0.33429365079365075,0.03090909090909091
737,2.216735318217889,319.81601594408914,128.0,2.56,0.4266666666666667,0.02585858585858586
738,3.369059309271074,473.3544035795521,125.0,2.5,0.33980952380952373,0.025252525252525252
739,4.186624137038394,523.5083910815132,110.0,2.2,0.3203333333333333,0.022222222222222223
740,9.465816158547975,1436.975328538863,149.0,2.98,0.4346031746031745,0.0301010101010101
741,5.820786973408485,987.4862872172562,115.0,2.3,0.2463333333333333,0.023232323232323233
742,5.368634004039767,816.2598387932615,124.0,2.48,0.3463333333333333,0.025050505050505052
743,0.6949228190646204,111.95581205809822,127.0,2.54,0.3380952380952381,0.025656565656565655
744,5.472695842308276,778.0386925683491,120.0,2.4,0.27085714285714285,0.024242424242424242
745,7.322190427825641,1118.595787246465,135.0,2.7,0.3793571428571429,0.02727272727272727
746,9.94453830939167,1395.2683979202266,130.0,2.6,0.3723809523809523,0.026262626262626262
747,9.125677631712685,1331.5775184584277,139.0,2.78,0.4107857142857142,0.02808080808080808
748,0.6019795970720756,86.60150462771816,138.0,2.76,0.3320952380952381,0.027878787878787878
749,5.988036654024878,920.3585953713907,148.0,2.96,0.3198333333333333,0.0298989898989899
750,9.173365363831628,1367.3737232290173,140.0,2.8,0.3702380952380953,0.028282828282828285
751,5.117420222043102,859.1959815804015,134.0,2.68,0.4246666666666667,0.02707070707070707
752,9.480386518226114,1372.9744301437509,124.0,2.48,0.36766666666666664,0.025050505050505052
753,8.592564144153412,1210.197640364388,132.0,2.64,0.3220952380952381,0.02666666666666667
754,8.035274520523359,1154.1152218205443,144.0,2.88,0.35102380952380957,0.02909090909090909
755,3.1683433527678333,484.96786156260396,146.0,2.92,0.37829365079365074,0.029494949494949494
756,0.6618077475508847,110.78276168616001,121.0,2.42,0.40095238095238095,0.024444444444444446
757,9.661417854833292,1742.6253406502508,129.0,2.58,0.41333333333333333,0.026060606060606062
758,3.795778362184671,614.6830101826099,126.0,2.52,0.4227142857142857,0.025454545454545455
759,2.346669996236761,357.8602497882991,121.0,2.42,0.36133333333333334,0.024444444444444446
760,8.64996827808763,1385.8795632303086,124.0,2.48,0.37000000000000005,0.025050505050505052
761,3.702358054347438,535.4021783453358,105.0,2.1,0.34099999999999997,0.021212121212121213
762,8.453093947347192,1272.4889383201175,128.0,2.56,0.32099999999999995,0.02585858585858586
763,5.1886329651391465,745.5069433223096,122.0,2.44,0.3623333333333334,0.024646464646464646
764,6.7744334835645645,1086.9808162237723,121.0,2.42,0.37733333333333335,0.024444444444444446
765,5.279911662106906,804.6424738100673,134.0,2.68,0.37690476190476196,0.02707070707070707
766,3.094768507848167,518.8674433742424,155.0,3.1,0.37843650793650796,0.031313131313131314
767,3.46690243598665,517.7267563829851,163.0,3.26,0.39369841269841266,0.032929292929292926
768,4.631732140861041,646.7015720727059,128.0,2.56,0.33833333333333326,0.02585858585858586
769,2.86550642200996,426.90497105575923,117.0,2.34,0.4099999999999999,0.023636363636363636
770,4.832375476394854,702.9849658379237,117.0,2.34,0.368,0.023636363636363636
771,4.341147731498106,604.0487441632292,113.0,2.26,0.321,0.02282828282828283
772,3.910283653173377,504.07163203152794,121.0,2.42,0.357,0.024444444444444446
773,6.613193967704787,969.2185021710643,121.0,2.42,0.35140476190476183,0.024444444444444446
774,3.3689449562815432,483.3662493779176,126.0,2.52,0.36092857142857143,0.025454545454545455
775,2.6273853664098357,424.81284257749934,122.0,2.44,0.3733333333333333,0.024646464646464646
776,9.58519122740684,1531.9364781744616,138.0,2.76,0.4010714285714285,0.027878787878787878
777,7.0003645970412505,1054.2077023221614,171.0,3.42,0.4135714285714286,0.034545454545454546
778,4.083728201512186,583.5672780139556,126.0,2.52,0.44833333333333336,0.025454545454545455
779,5.729806519759017,915.3613005709963,144.0,2.88,0.40452380952380956,0.02909090909090909
780,8.509408128520779,1388.4001190444242,142.0,2.84,0.3556269841269841,0.028686868686868688
781,6.46146295631879,913.1446753969586,140.0,2.8,0.3521984126984127,0.028282828282828285
782,1.3189600891506574,215.9139026861484,116.0,2.32,0.2369047619047619,0.023434343434343436
783,8.541775008511491,1317.4084624052684,141.0,2.82,0.40728571428571436,0.028484848484848484
784,4.974036955487426,734.4895954372114,110.0,2.2,0.32933333333333337,0.022222222222222223
785,1.0748863353727087,157.83137050862763,152.0,3.04,0.3778730158730159,0.030707070707070707
786,6.915599268555241,1056.3749712087874,119.0,2.38,0.3386666666666666,0.02404040404040404
787,1.7802705133507224,282.4112795434087,118.0,2.36,0.40561904761904766,0.02383838383838384
788,3.699117706767376,608.154921412854,116.0,2.32,0.3753333333333334,0.023434343434343436
789,6.692652771472641,962.9513718080293,152.0,3.04,0.43592063492063493,0.030707070707070707
790,4.186564756315859,653.0343804691258,120.0,2.4,0.3415714285714286,0.024242424242424242
791,6.519457543098193,786.4027308608268,113.0,2.26,0.31366666666666665,0.02282828282828283
792,9.720811899369926,1690.6499247045763,119.0,2.38,0.3451904761904762,0.02404040404040404
793,1.4533155324272424,224.63939052489724,119.0,2.38,0.3483333333333334,0.02404040404040404
794,6.260822133635909,901.7809457000518,125.0,2.5,0.3580079365079365,0.025252525252525252
795,9.34900058096867,1374.7673993279209,124.0,2.48,0.4123333333333333,0.025050505050505052
796,2.3166544783611935,303.8035247855903,131.0,2.62,0.392904761904762,0.026464646464646465
797,5.119361428691241,746.8123156614399,114.0,2.28,0.292,0.02303030303030303
798,5.442523233887364,765.074683036114,128.0,2.56,0.37123809523809514,0.02585858585858586
799,4.911855703224996,738.8767287183525,136.0,2.72,0.3924285714285714,0.027474747474747475
800,8.954030832954814,1380.1162064916193,134.0,2.68,0.3204761904761904,0.02707070707070707
801,1.1899785378376555,140.79356503059782,134.0,2.68,0.365047619047619,0.02707070707070707
802,4.342716161910856,636.4231019656102,132.0,2.64,0.3529047619047619,0.02666666666666667
803,9.660301504071436,1214.6597934931344,118.0,2.36,0.35707142857142865,0.02383838383838384
804,8.68377689108821,1046.9200171076518,130.0,2.6,0.41633333333333333,0.026262626262626262
805,6.21134481746757,1099.794383374693,123.0,2.46,0.31766666666666665,0.02484848484848485
806,5.278283876872294,781.2936270652085,132.0,2.64,0.39442857142857135,0.02666666666666667
807,4.619844283166871,795.8079139656861,150.0,3.0,0.3844761904761904,0.030303030303030304
808,5.12777757568166,655.1677594504627,131.0,2.62,0.33920634920634923,0.026464646464646465
809,8.347806976888922,1335.4136640873453,121.0,2.42,0.37785714285714284,0.024444444444444446
810,6.496721412502731,994.2987659111118,140.0,2.8,0.4872380952380952,0.028282828282828285
811,0.15793470029292161,21.97865987749553,116.0,2.32,0.37147619047619057,0.023434343434343436
812,2.1533314432032613,312.12880906715634,128.0,2.56,0.35633333333333334,0.02585858585858586
813,6.961790819848781,924.4631959957334,142.0,2.84,0.38280952380952377,0.028686868686868688
814,8.81761114250121,1407.1529772020594,142.0,2.84,0.37849999999999995,0.028686868686868688
815,0.10162688669153536,17.87078507824829,127.0,2.54,0.28647619047619044,0.025656565656565655
816,8.454625066189525,1306.7884534431741,139.0,2.78,0.4008571428571428,0.02808080808080808
817,9.834965245541913,1402.8678044152632,127.0,2.54,0.3362380952380953,0.025656565656565655
818,2.886144596727756,447.9836108494212,152.0,3.04,0.4136269841269841,0.030707070707070707
819,0.4647940351329387,64.43422484374163,140.0,2.8,0.39891214341214337,0.028282828282828285
820,6.544548116075865,1042.535080774106,124.0,2.48,0.3643333333333334,0.025050505050505052
821,6.803073322857227,980.2824263084864,139.0,2.78,0.3196428571428572,0.02808080808080808
822,7.7559323303418255,1224.1881384742317,122.0,2.44,0.3846666666666667,0.024646464646464646
823,3.8597353791965325,603.4713440158648,105.0,2.1,0.27666666666666667,0.021212121212121213
824,8.254585344036585,1282.247113970902,141.0,2.82,0.41997619047619056,0.028484848484848484
825,4.180982653451266,619.3228025854976,131.0,2.62,0.3916428571428572,0.026464646464646465
826,7.8876734851540915,1189.2399903128428,118.0,2.36,0.3536666666666667,0.02383838383838384
827,8.722259239993612,1145.1891735749123,148.0,2.96,0.4145,0.0298989898989899
828,0.8727844470742004,125.89923838788997,134.0,2.68,0.33226190476190476,0.02707070707070707
829,7.172152336943881,959.7075172097105,158.0,3.16,0.43490476190476185,0.03191919191919192
830,7.1958538224807835,1222.2376056190428,132.0,2.64,0.40838095238095234,0.02666666666666667
831,1.2021447028508043,206.90882009880704,114.0,2.28,0.2859999999999999,0.02303030303030303
832,2.512664625720659,379.7471202783151,132.0,2.64,0.44042857142857145,0.02666666666666667
833,7.498465469951241,1118.5314364179326,128.0,2.56,0.308952380952381,0.02585858585858586
834,7.55668736641827,1266.3137952609927,137.0,2.74,0.33195238095238094,0.027676767676767678
835,6.042564075830425,859.4193412890811,108.0,2.16,0.22699999999999998,0.02181818181818182
836,7.453175690661918,967.9172100695993,127.0,2.54,0.427952380952381,0.025656565656565655
837,7.46571233847979,1215.691195114787,123.0,2.46,0.30466666666666664,0.02484848484848485
838,6.147861818497568,893.1776399675723,141.0,2.82,0.42033333333333334,0.028484848484848484
839,8.262877954059165,1195.1358617343526,135.0,2.7,0.3161428571428571,0.02727272727272727
840,2.4689196118387104,397.9761608249185,108.0,2.16,0.30566666666666664,0.02181818181818182
841,0.9492068392294359,144.10402007976455,127.0,2.54,0.36833333333333335,0.025656565656565655
842,0.46995130248014705,70.92107961299268,127.0,2.54,0.3044761904761905,0.025656565656565655
843,1.5603174592418843,241.8997067481797,135.0,2.7,0.4126190476190476,0.02727272727272727
844,6.2704496251526995,990.6054557322086,126.0,2.52,0.33985714285714297,0.025454545454545455
845,6.475473430669939,958.6238447577891,125.0,2.5,0.3821428571428572,0.025252525252525252
846,1.1775134965415361,188.14941007422007,103.0,2.06,0.27899999999999997,0.020808080808080807
847,2.4432720178016667,383.75204366134733,136.0,2.72,0.3933333333333333,0.027474747474747475
848,8.930490886007972,1273.2088759643211,126.0,2.52,0.3843333333333333,0.025454545454545455
849,7.1979791469748085,1064.1730132725052,128.0,2.56,0.37561904761904763,0.02585858585858586
850,6.952172094490951,1043.803433894063,166.0,3.32,0.42225396825396827,0.033535353535353536
851,3.420931277808337,548.3124533113705,136.0,2.72,0.3673809523809524,0.027474747474747475
852,2.1752959630497704,361.2872621483636,138.0,2.76,0.4137380952380953,0.027878787878787878
853,6.972532963442617,1108.6121808191338,130.0,2.6,0.371047619047619,0.026262626262626262
854,0.8659909403962481,131.66900660566714,124.0,2.48,0.37366666666666676,0.025050505050505052
855,9.278775792626632,1463.0039239526925,154.0,3.08,0.3538549783549783,0.03111111111111111
856,9.906133930568569,1371.5476088087185,156.0,3.12,0.39022222222222225,0.03151515151515152
857,4.7906280136723565,704.6957957267466,127.0,2.54,0.34171428571428564,0.025656565656565655
858,7.102407393297158,1073.2211612096262,144.0,2.88,0.35519047619047617,0.02909090909090909
859,2.9361646965501826,425.54393515925085,135.0,2.7,0.44666666666666666,0.02727272727272727
860,0.7425071875741042,111.71380983074714,130.0,2.6,0.3349047619047619,0.026262626262626262
861,1.4862839069876612,250.43297860203597,109.0,2.18,0.3183333333333333,0.02202020202020202
862,7.636708728490928,1080.8765987828147,120.0,2.4,0.3903333333333333,0.024242424242424242
863,5.521054641050729,806.1880297615355,103.0,2.06,0.33233333333333326,0.020808080808080807
864,9.744625987071567,1332.3722957795328,154.0,3.08,0.39112698412698416,0.03111111111111111
865,2.2307684067881355,380.06260999360427,117.0,2.34,0.39399999999999996,0.023636363636363636
866,4.37464100808638,726.5695049955455,136.0,2.72,0.4044285714285714,0.027474747474747475
867,1.7511372231810467,299.97784336235577,130.0,2.6,0.3483333333333333,0.026262626262626262
868,6.366143435588226,882.6351663227076,143.0,2.86,0.37530952380952387,0.028888888888888888
869,3.299656690945954,489.2104871804233,143.0,2.86,0.4105714285714286,0.028888888888888888
870,7.676517507780425,1180.3572271101416,139.0,2.78,0.35109523809523807,0.02808080808080808
871,5.563822344784633,777.9140252282457,187.0,3.74,0.4518394383394383,0.03777777777777778
872,3.0499646019912903,459.32047338461825,139.0,2.78,0.36671428571428577,0.02808080808080808
873,9.3213646928487,1443.3626013127318,138.0,2.76,0.37876984126984126,0.027878787878787878
874,8.652117266700207,1289.2745775962076,124.0,2.48,0.4177142857142857,0.025050505050505052
875,8.87373970819165,1224.4282653215055,144.0,2.88,0.3160952380952381,0.02909090909090909
876,0.7744202107466416,123.57275095759465,126.0,2.52,0.40676190476190477,0.025454545454545455
877,5.730923785730771,811.5345834324224,165.0,3.3,0.4581428571428572,0.03333333333333333
878,2.545530815817711,362.37334896033565,146.0,2.92,0.40671428571428564,0.029494949494949494
879,7.916379429660952,1217.6854627757646,123.0,2.46,0.3916428571428571,0.02484848484848485
880,0.29433618539246215,37.50173076767956,111.0,2.22,0.2551428571428571,0.022424242424242423
881,8.408717439884926,1401.135538839733,115.0,2.3,0.36633333333333334,0.023232323232323233
882,0.4537657829255999,64.22113160069766,138.0,2.76,0.3878015873015873,0.027878787878787878
883,6.954658041491277,1256.280780319813,137.0,2.74,0.2658809523809524,0.027676767676767678
884,6.603671905616647,959.0584370961358,136.0,2.72,0.38604761904761903,0.027474747474747475
885,8.645049850822726,1314.1207423161338,134.0,2.68,0.3831904761904761,0.02707070707070707
886,3.9266138674378133,645.9961449325112,134.0,2.68,0.49273809523809525,0.02707070707070707
887,6.532687757199926,835.4240627832513,103.0,2.06,0.41814285714285715,0.020808080808080807
888,7.287825759523237,1214.7546890551748,124.0,2.48,0.34890476190476183,0.025050505050505052
889,7.323892631219963,1163.8647445874126,114.0,2.28,0.39233333333333337,0.02303030303030303
890,6.9021177545764285,906.1460043221682,132.0,2.64,0.358547619047619,0.02666666666666667
891,7.285847373359488,1210.2535627074485,122.0,2.44,0.4066666666666666,0.024646464646464646
892,2.646539579889929,414.69709210776324,134.0,2.68,0.42300000000000004,0.02707070707070707
893,3.2495923378906744,516.3064746140423,168.0,3.36,0.4288571428571429,0.03393939393939394
894,7.284890329521448,1200.4273986559956,141.0,2.82,0.4419047619047619,0.028484848484848484
895,0.7444576040665033,103.49217325659271,128.0,2.56,0.5056666666666667,0.02585858585858586
896,0.371081931623238,49.75647622237245,124.0,2.48,0.3683333333333333,0.025050505050505052
897,9.204136918001115,1378.5650309767889,151.0,3.02,0.4470634920634921,0.030505050505050504
898,8.076855526120612,1193.1109407001763,167.0,3.34,0.463095238095238,0.03373737373737374
899,8.333297341088253,1379.3223331474237,149.0,2.98,0.3648571428571428,0.0301010101010101
900,9.824636583536043,1403.4513472345589,148.0,2.96,0.3843571428571429,0.0298989898989899
901,7.1718474213678185,920.592624376947,139.0,2.78,0.3884285714285714,0.02808080808080808
902,0.39672098438458947,59.282500481963744,127.0,2.54,0.3153333333333333,0.025656565656565655
903,5.624343456589819,802.9826778019917,126.0,2.52,0.3376666666666667,0.025454545454545455
904,2.333075659143455,262.27447877432616,117.0,2.34,0.29833333333333334,0.023636363636363636
905,4.489544210591933,622.69949382037,112.0,2.24,0.4126666666666667,0.022626262626262626
906,5.578443858141771,784.0874741071467,112.0,2.24,0.23095238095238094,0.022626262626262626
907,1.5717691782895782,240.88912871752194,117.0,2.34,0.25966666666666666,0.023636363636363636
908,9.03889816040025,1236.0379632051413,139.0,2.78,0.44833333333333336,0.02808080808080808
909,0.45762816537137563,53.3561178262197,142.0,2.84,0.3943333333333332,0.028686868686868688
910,3.474568351696515,487.53848244988035,132.0,2.64,0.3866666666666667,0.02666666666666667
911,9.919666921387545,1520.12894540948,120.0,2.4,0.3483333333333333,0.024242424242424242
912,4.306997446167323,712.1511919071324,126.0,2.52,0.33033333333333337,0.025454545454545455
913,6.012253148581098,912.7095741445874,140.0,2.8,0.3786904761904762,0.028282828282828285
914,3.578563191678556,555.5906764824897,171.0,3.42,0.38476190476190475,0.034545454545454546
915,7.594547098226143,1091.7552390228857,119.0,2.38,0.3051428571428571,0.02404040404040404
916,7.713815551846658,1241.5526045526026,141.0,2.82,0.4200952380952381,0.028484848484848484
917,9.291230940816682,1421.198016877915,120.0,2.4,0.3932857142857143,0.024242424242424242
918,1.743248331699629,281.8561806297763,144.0,2.88,0.4222380952380952,0.02909090909090909
919,7.669004598079117,1052.8408476725308,116.0,2.32,0.2866666666666667,0.023434343434343436
920,0.6563277599716205,101.38556333850556,135.0,2.7,0.395,0.02727272727272727
921,8.00736660201612,1159.4012175706578,123.0,2.46,0.3633095238095238,0.02484848484848485
922,9.696729248811069,1692.42105829393,123.0,2.46,0.355,0.02484848484848485
923,0.3869774841731325,51.79865145803622,123.0,2.46,0.375547619047619,0.02484848484848485
924,6.955516734816582,1032.1964090171587,116.0,2.32,0.3706666666666667,0.023434343434343436
925,4.353970827474355,696.1417331331565,128.0,2.56,0.27985714285714286,0.02585858585858586
926,9.059873691899293,1356.8189214280692,137.0,2.74,0.34969047619047616,0.027676767676767678
927,5.041798428035007,692.4112732273014,105.0,2.1,0.2966666666666667,0.021212121212121213
928,2.63586205047994,399.31551917287123,128.0,2.56,0.38252380952380954,0.02585858585858586
929,8.669917470215388,1304.7696542642564,133.0,2.66,0.3042619047619048,0.026868686868686868
930,8.712009514748788,1444.382832190348,124.0,2.48,0.4069523809523809,0.025050505050505052
931,3.23500065232225,485.36659445701036,117.0,2.34,0.4008571428571429,0.023636363636363636
932,2.406972014113652,340.23381038122517,126.0,2.52,0.3436666666666667,0.025454545454545455
933,2.013286545490515,289.4875173384278,126.0,2.52,0.4069523809523809,0.025454545454545455
934,1.1548457924435414,169.7269649625652,124.0,2.48,0.3426666666666667,0.025050505050505052
935,4.0640009524801695,594.765594289931,123.0,2.46,0.3379523809523809,0.02484848484848485
936,4.581323982894203,722.2815036171756,131.0,2.62,0.4057142857142857,0.026464646464646465
937,2.836253049012437,471.5694338791233,119.0,2.38,0.3103333333333333,0.02404040404040404
938,4.201848545390091,649.2709347044354,117.0,2.34,0.38799999999999996,0.023636363636363636
939,3.6691198832959366,543.6123391572412,140.0,2.8,0.3839285714285714,0.028282828282828285
940,9.19074455026681,1339.7303996182263,106.0,2.12,0.2836666666666667,0.021414141414141413
941,4.76776307414211,691.1146809659695,123.0,2.46,0.3735238095238095,0.02484848484848485
942,5.989841938351905,796.2160223530958,140.0,2.8,0.4292857142857143,0.028282828282828285
943,0.13002800162957856,19.425413225763275,145.0,2.9,0.3363809523809524,0.029292929292929294
944,4.924864460518461,797.1311958821761,115.0,2.3,0.35990476190476195,0.023232323232323233
945,3.825563264198014,566.4980084718926,118.0,2.36,0.29133333333333333,0.02383838383838384
946,9.23635672277289,1482.995959750169,124.0,2.48,0.37833333333333335,0.025050505050505052
947,3.9983327678896043,506.7093505121271,125.0,2.5,0.34776190476190477,0.025252525252525252
948,4.165208481746861,611.1254660030193,126.0,2.52,0.31633333333333336,0.025454545454545455
949,0.26593390625142677,44.12302229500524,108.0,2.16,0.31866666666666665,0.02181818181818182
950,7.488451952583722,1247.4284633631733,118.0,2.36,0.37666666666666665,0.02383838383838384
951,1.355288706522097,206.7798542791951,134.0,2.68,0.3897142857142857,0.02707070707070707
952,5.482096398157742,939.1975604696403,125.0,2.5,0.391,0.025252525252525252
953,9.002550641321363,1392.2974705988179,141.0,2.82,0.4122142857142857,0.028484848484848484
954,5.914367867397734,858.0280235361201,135.0,2.7,0.39,0.02727272727272727
955,2.518615001263286,409.535996231689,132.0,2.64,0.40590476190476193,0.02666666666666667
956,3.559907148805764,524.9580857238637,137.0,2.74,0.3372380952380952,0.027676767676767678
957,9.205371241810067,1328.1276947474307,125.0,2.5,0.2843333333333333,0.025252525252525252
958,3.8038968592154863,624.5544540028902,116.0,2.32,0.4091428571428571,0.023434343434343436
959,8.251491916822056,1396.5475555217745,129.0,2.58,0.37473809523809526,0.026060606060606062
960,0.6885241796950122,104.19737333961069,153.0,3.06,0.43038095238095236,0.03090909090909091
961,8.195619744751196,1117.0942960100397,129.0,2.58,0.4218333333333333,0.026060606060606062
962,9.278434947203106,1311.7835117475365,137.0,2.74,0.39219047619047614,0.027676767676767678
963,0.5453427004817853,77.42687387408873,116.0,2.32,0.3103333333333333,0.023434343434343436
964,4.63466555605453,836.3801389821301,142.0,2.84,0.38319841269841265,0.028686868686868688
965,9.265806346442835,1651.2078631676347,120.0,2.4,0.35180952380952385,0.024242424242424242
966,7.657864804012653,1102.2668222325333,146.0,2.92,0.4301428571428571,0.029494949494949494
967,9.510812127667405,1415.4553879011353,151.0,3.02,0.4019999999999999,0.030505050505050504
968,6.617993894254371,934.6783001715443,127.0,2.54,0.3301428571428572,0.025656565656565655
969,3.787537417053542,600.305559030359,129.0,2.58,0.29323809523809524,0.026060606060606062
970,0.38499529507763575,59.89629191434155,147.0,2.94,0.37538095238095237,0.029696969696969697
971,3.1262109601140406,434.1051619930269,116.0,2.32,0.344,0.023434343434343436
972,5.650660722514065,805.0268958562986,146.0,2.92,0.36233333333333334,0.029494949494949494
973,8.72796640299421,1364.1629847131596,141.0,2.82,0.40733333333333327,0.028484848484848484
974,4.750945161582131,685.087108646708,132.0,2.64,0.424,0.02666666666666667
975,3.061072188839512,385.8554039677351,102.0,2.04,0.32233333333333336,0.020606060606060607
976,6.1279010912979395,918.5924097075596,111.0,2.22,0.34766666666666673,0.022424242424242423
977,4.826213979031886,720.0029930837034,116.0,2.32,0.35076190476190483,0.023434343434343436
978,3.0257269863849903,456.1537358004388,162.0,3.24,0.34345238095238095,0.03272727272727273
979,4.4465330114686035,677.7413476056906,148.0,2.96,0.3927301587301587,0.0298989898989899
980,3.1042834111989817,463.8163559414234,114.0,2.28,0.32685714285714285,0.02303030303030303
981,1.5718683989640614,255.36333862665407,135.0,2.7,0.37557142857142856,0.02727272727272727
982,3.3708859402390114,535.8935435975834,123.0,2.46,0.3250714285714286,0.02484848484848485
983,1.1560720415791412,158.25114869142516,117.0,2.34,0.382,0.023636363636363636
984,8.145775929290089,1254.314600045997,135.0,2.7,0.36471428571428566,0.02727272727272727
985,0.6410734736093546,90.91779149563617,129.0,2.58,0.4376904761904762,0.026060606060606062
986,5.126305855560746,838.8581160935871,134.0,2.68,0.38952380952380955,0.02707070707070707
987,3.073658741243294,458.8413201017349,144.0,2.88,0.3838333333333333,0.02909090909090909
988,6.295677078243523,945.1064457694655,114.0,2.28,0.2936666666666667,0.02303030303030303
989,4.1911644085530835,610.6897303309711,126.0,2.52,0.3746666666666667,0.025454545454545455
990,2.877107807191707,447.5960083319166,135.0,2.7,0.3584761904761904,0.02727272727272727
991,2.9765991411557517,429.4882463205382,140.0,2.8,0.39709523809523817,0.028282828282828285
992,9.637832813862229,1380.5860943287983,135.0,2.7,0.45890476190476187,0.02727272727272727
993,6.874327129338927,1139.2882326065246,138.0,2.76,0.37582539682539673,0.027878787878787878
994,6.602011200794281,1063.7397650873213,146.0,2.92,0.37376984126984125,0.029494949494949494
995,4.133704523731432,600.8039992323934,128.0,2.56,0.34733333333333327,0.02585858585858586
996,6.1181939445413835,906.2823229220629,140.0,2.8,0.3534285714285715,0.028282828282828285
997,3.5027519877437396,641.0337412865628,133.0,2.66,0.4396666666666667,0.026868686868686868
998,8.079028352974781,1361.0645236800547,101.0,2.02,0.316,0.020404040404040404
999,3.1033381153069763,449.902494142082,115.0,2.3,0.268,0.023232323232323233
